sensitivity_label	analysis	network	component	condition_contrast	direction	participant	run	condition	dual_regression_label	stage2_beta
none	smith09-reward	occipital-pole	2	both-minus-vlpfc	positive	sub-189	02	sham	subject00000	-0.532665
none	smith09-reward	occipital-pole	2	both-minus-vlpfc	positive	sub-189	01	rtpj	subject00001	-0.68643
none	smith09-reward	occipital-pole	2	both-minus-vlpfc	positive	sub-189	04	vlpfc	subject00002	-0.81965
none	smith09-reward	occipital-pole	2	both-minus-vlpfc	positive	sub-189	03	both	subject00003	-0.077403
none	smith09-reward	occipital-pole	2	both-minus-vlpfc	positive	sub-203	03	sham	subject00004	-1.196462
none	smith09-reward	occipital-pole	2	both-minus-vlpfc	positive	sub-203	04	rtpj	subject00005	-1.39823
none	smith09-reward	occipital-pole	2	both-minus-vlpfc	positive	sub-203	01	vlpfc	subject00006	-0.442521
none	smith09-reward	occipital-pole	2	both-minus-vlpfc	positive	sub-203	02	both	subject00007	-1.086361
none	smith09-reward	occipital-pole	2	both-minus-vlpfc	positive	sub-207	02	sham	subject00008	0.274277
none	smith09-reward	occipital-pole	2	both-minus-vlpfc	positive	sub-207	01	rtpj	subject00009	0.195632
none	smith09-reward	occipital-pole	2	both-minus-vlpfc	positive	sub-207	04	vlpfc	subject00010	-1.207885
none	smith09-reward	occipital-pole	2	both-minus-vlpfc	positive	sub-207	03	both	subject00011	0.508096
none	smith09-reward	occipital-pole	2	both-minus-vlpfc	positive	sub-208	04	sham	subject00012	-0.578434
none	smith09-reward	occipital-pole	2	both-minus-vlpfc	positive	sub-208	02	rtpj	subject00013	-0.590509
none	smith09-reward	occipital-pole	2	both-minus-vlpfc	positive	sub-208	03	vlpfc	subject00014	-1.323355
none	smith09-reward	occipital-pole	2	both-minus-vlpfc	positive	sub-208	01	both	subject00015	-0.683633
none	smith09-reward	occipital-pole	2	both-minus-vlpfc	positive	sub-209	01	sham	subject00016	-0.270213
none	smith09-reward	occipital-pole	2	both-minus-vlpfc	positive	sub-209	03	rtpj	subject00017	-0.833278
none	smith09-reward	occipital-pole	2	both-minus-vlpfc	positive	sub-209	02	vlpfc	subject00018	-1.600283
none	smith09-reward	occipital-pole	2	both-minus-vlpfc	positive	sub-209	04	both	subject00019	-1.041567
none	smith09-reward	occipital-pole	2	both-minus-vlpfc	positive	sub-210	03	sham	subject00020	-0.774346
none	smith09-reward	occipital-pole	2	both-minus-vlpfc	positive	sub-210	04	rtpj	subject00021	-0.851853
none	smith09-reward	occipital-pole	2	both-minus-vlpfc	positive	sub-210	01	vlpfc	subject00022	-1.215001
none	smith09-reward	occipital-pole	2	both-minus-vlpfc	positive	sub-210	02	both	subject00023	-0.169363
none	smith09-reward	occipital-pole	2	both-minus-vlpfc	positive	sub-211	04	sham	subject00024	-0.297831
none	smith09-reward	occipital-pole	2	both-minus-vlpfc	positive	sub-211	02	rtpj	subject00025	-0.407823
none	smith09-reward	occipital-pole	2	both-minus-vlpfc	positive	sub-211	03	vlpfc	subject00026	-0.460378
none	smith09-reward	occipital-pole	2	both-minus-vlpfc	positive	sub-211	01	both	subject00027	0.253542
none	smith09-reward	occipital-pole	2	both-minus-vlpfc	positive	sub-213	01	sham	subject00028	0.026808
none	smith09-reward	occipital-pole	2	both-minus-vlpfc	positive	sub-213	03	rtpj	subject00029	0.280115
none	smith09-reward	occipital-pole	2	both-minus-vlpfc	positive	sub-213	02	vlpfc	subject00030	-0.839836
none	smith09-reward	occipital-pole	2	both-minus-vlpfc	positive	sub-213	04	both	subject00031	-0.260489
none	smith09-reward	occipital-pole	2	both-minus-vlpfc	positive	sub-214	04	sham	subject00032	0.11702
none	smith09-reward	occipital-pole	2	both-minus-vlpfc	positive	sub-214	02	rtpj	subject00033	-0.310495
none	smith09-reward	occipital-pole	2	both-minus-vlpfc	positive	sub-214	03	vlpfc	subject00034	-0.784759
none	smith09-reward	occipital-pole	2	both-minus-vlpfc	positive	sub-214	01	both	subject00035	-0.147612
none	smith09-reward	occipital-pole	2	both-minus-vlpfc	positive	sub-215	02	sham	subject00036	-0.121616
none	smith09-reward	occipital-pole	2	both-minus-vlpfc	positive	sub-215	01	rtpj	subject00037	-0.941122
none	smith09-reward	occipital-pole	2	both-minus-vlpfc	positive	sub-215	04	vlpfc	subject00038	-0.240122
none	smith09-reward	occipital-pole	2	both-minus-vlpfc	positive	sub-215	03	both	subject00039	0.16755
none	smith09-reward	occipital-pole	2	both-minus-vlpfc	positive	sub-217	03	sham	subject00040	-0.578655
none	smith09-reward	occipital-pole	2	both-minus-vlpfc	positive	sub-217	04	rtpj	subject00041	-0.312308
none	smith09-reward	occipital-pole	2	both-minus-vlpfc	positive	sub-217	01	vlpfc	subject00042	-1.243087
none	smith09-reward	occipital-pole	2	both-minus-vlpfc	positive	sub-217	02	both	subject00043	0.070427
none	smith09-reward	occipital-pole	2	both-minus-vlpfc	positive	sub-218	01	sham	subject00044	-1.639296
none	smith09-reward	occipital-pole	2	both-minus-vlpfc	positive	sub-218	03	rtpj	subject00045	-2.175963
none	smith09-reward	occipital-pole	2	both-minus-vlpfc	positive	sub-218	02	vlpfc	subject00046	-3.747636
none	smith09-reward	occipital-pole	2	both-minus-vlpfc	positive	sub-218	04	both	subject00047	-0.480534
none	smith09-reward	occipital-pole	2	both-minus-vlpfc	positive	sub-219	04	sham	subject00048	-0.439513
none	smith09-reward	occipital-pole	2	both-minus-vlpfc	positive	sub-219	02	rtpj	subject00049	-1.207652
none	smith09-reward	occipital-pole	2	both-minus-vlpfc	positive	sub-219	03	vlpfc	subject00050	-2.060782
none	smith09-reward	occipital-pole	2	both-minus-vlpfc	positive	sub-219	01	both	subject00051	-0.23276
none	smith09-reward	occipital-pole	2	both-minus-vlpfc	positive	sub-220	02	sham	subject00052	-0.656543
none	smith09-reward	occipital-pole	2	both-minus-vlpfc	positive	sub-220	01	rtpj	subject00053	-0.137599
none	smith09-reward	occipital-pole	2	both-minus-vlpfc	positive	sub-220	04	vlpfc	subject00054	-0.938918
none	smith09-reward	occipital-pole	2	both-minus-vlpfc	positive	sub-220	03	both	subject00055	-0.14482
none	smith09-reward	occipital-pole	2	both-minus-vlpfc	positive	sub-221	02	sham	subject00056	-0.145118
none	smith09-reward	occipital-pole	2	both-minus-vlpfc	positive	sub-221	01	rtpj	subject00057	0.084567
none	smith09-reward	occipital-pole	2	both-minus-vlpfc	positive	sub-221	04	vlpfc	subject00058	-0.169609
none	smith09-reward	occipital-pole	2	both-minus-vlpfc	positive	sub-221	03	both	subject00059	0.613635
none	smith09-reward	occipital-pole	2	both-minus-vlpfc	positive	sub-222	03	sham	subject00060	-0.885839
none	smith09-reward	occipital-pole	2	both-minus-vlpfc	positive	sub-222	04	rtpj	subject00061	-0.860677
none	smith09-reward	occipital-pole	2	both-minus-vlpfc	positive	sub-222	01	vlpfc	subject00062	-1.93584
none	smith09-reward	occipital-pole	2	both-minus-vlpfc	positive	sub-222	02	both	subject00063	0.250911
none	smith09-reward	occipital-pole	2	both-minus-vlpfc	positive	sub-225	04	sham	subject00064	-0.469371
none	smith09-reward	occipital-pole	2	both-minus-vlpfc	positive	sub-225	02	rtpj	subject00065	-1.189301
none	smith09-reward	occipital-pole	2	both-minus-vlpfc	positive	sub-225	03	vlpfc	subject00066	-0.70004
none	smith09-reward	occipital-pole	2	both-minus-vlpfc	positive	sub-225	01	both	subject00067	-0.114132
none	smith09-reward	occipital-pole	2	both-minus-vlpfc	positive	sub-226	03	sham	subject00068	-0.709741
none	smith09-reward	occipital-pole	2	both-minus-vlpfc	positive	sub-226	04	rtpj	subject00069	-0.578989
none	smith09-reward	occipital-pole	2	both-minus-vlpfc	positive	sub-226	01	vlpfc	subject00070	-1.165461
none	smith09-reward	occipital-pole	2	both-minus-vlpfc	positive	sub-226	02	both	subject00071	-0.450246
none	smith09-reward	occipital-pole	2	both-minus-vlpfc	positive	sub-227	02	sham	subject00072	-0.912494
none	smith09-reward	occipital-pole	2	both-minus-vlpfc	positive	sub-227	01	rtpj	subject00073	-0.730753
none	smith09-reward	occipital-pole	2	both-minus-vlpfc	positive	sub-227	04	vlpfc	subject00074	-1.996009
none	smith09-reward	occipital-pole	2	both-minus-vlpfc	positive	sub-227	03	both	subject00075	-0.830536
none	smith09-reward	occipital-pole	2	both-minus-vlpfc	positive	sub-228	01	sham	subject00076	-0.625578
none	smith09-reward	occipital-pole	2	both-minus-vlpfc	positive	sub-228	03	rtpj	subject00077	-0.748239
none	smith09-reward	occipital-pole	2	both-minus-vlpfc	positive	sub-228	02	vlpfc	subject00078	-0.682963
none	smith09-reward	occipital-pole	2	both-minus-vlpfc	positive	sub-228	04	both	subject00079	-0.06225
none	smith09-reward	occipital-pole	2	both-minus-vlpfc	positive	sub-230	01	sham	subject00080	-0.482965
none	smith09-reward	occipital-pole	2	both-minus-vlpfc	positive	sub-230	03	rtpj	subject00081	-0.014223
none	smith09-reward	occipital-pole	2	both-minus-vlpfc	positive	sub-230	02	vlpfc	subject00082	-0.672259
none	smith09-reward	occipital-pole	2	both-minus-vlpfc	positive	sub-230	04	both	subject00083	0.005449
none	smith09-reward	occipital-pole	2	both-minus-vlpfc	positive	sub-231	03	sham	subject00084	0.475026
none	smith09-reward	occipital-pole	2	both-minus-vlpfc	positive	sub-231	04	rtpj	subject00085	-1.170884
none	smith09-reward	occipital-pole	2	both-minus-vlpfc	positive	sub-231	01	vlpfc	subject00086	-0.127506
none	smith09-reward	occipital-pole	2	both-minus-vlpfc	positive	sub-231	02	both	subject00087	-0.21748
none	smith09-reward	occipital-pole	2	both-minus-vlpfc	positive	sub-234	04	sham	subject00088	-0.766228
none	smith09-reward	occipital-pole	2	both-minus-vlpfc	positive	sub-234	02	rtpj	subject00089	-0.600231
none	smith09-reward	occipital-pole	2	both-minus-vlpfc	positive	sub-234	03	vlpfc	subject00090	-0.135981
none	smith09-reward	occipital-pole	2	both-minus-vlpfc	positive	sub-234	01	both	subject00091	-0.455901
none	smith09-reward	occipital-pole	2	both-minus-vlpfc	positive	sub-235	01	sham	subject00092	0.520552
none	smith09-reward	occipital-pole	2	both-minus-vlpfc	positive	sub-235	03	rtpj	subject00093	-1.051442
none	smith09-reward	occipital-pole	2	both-minus-vlpfc	positive	sub-235	02	vlpfc	subject00094	-0.98399
none	smith09-reward	occipital-pole	2	both-minus-vlpfc	positive	sub-235	04	both	subject00095	-0.117436
none	smith09-reward	occipital-pole	2	both-minus-vlpfc	positive	sub-236	02	sham	subject00096	-1.238936
none	smith09-reward	occipital-pole	2	both-minus-vlpfc	positive	sub-236	01	rtpj	subject00097	-1.661188
none	smith09-reward	occipital-pole	2	both-minus-vlpfc	positive	sub-236	04	vlpfc	subject00098	-1.900639
none	smith09-reward	occipital-pole	2	both-minus-vlpfc	positive	sub-236	03	both	subject00099	-0.67333
none	smith09-reward	occipital-pole	2	both-minus-vlpfc	positive	sub-237	03	sham	subject00100	-0.936611
none	smith09-reward	occipital-pole	2	both-minus-vlpfc	positive	sub-237	04	rtpj	subject00101	-0.2952
none	smith09-reward	occipital-pole	2	both-minus-vlpfc	positive	sub-237	01	vlpfc	subject00102	-0.755203
none	smith09-reward	occipital-pole	2	both-minus-vlpfc	positive	sub-237	02	both	subject00103	-0.478357
none	smith09-reward	occipital-pole	2	both-minus-vlpfc	positive	sub-238	04	sham	subject00104	0.432387
none	smith09-reward	occipital-pole	2	both-minus-vlpfc	positive	sub-238	02	rtpj	subject00105	-1.558676
none	smith09-reward	occipital-pole	2	both-minus-vlpfc	positive	sub-238	03	vlpfc	subject00106	-0.488628
none	smith09-reward	occipital-pole	2	both-minus-vlpfc	positive	sub-238	01	both	subject00107	-0.124883
