analysis	correlation_type	network_pair	condition_contrast	n	mean_delta_fisher_z	sd_delta_fisher_z	sem_delta_fisher_z	t_1sample	p_signflip_two_sided	n_permutations
smith09_denoised	full	auditory__ecn	both-minus-sham	27	0.02461806284	0.2434257272	0.04684730304	0.5254958396	0.6219337807	100000
smith09_denoised	full	auditory__ecn	both-minus-rtpj	27	0.02625092124	0.1914264021	0.03684002826	0.7125651764	0.4844651553	100000
smith09_denoised	full	auditory__ecn	both-minus-vlpfc	27	0.04365151154	0.2177404438	0.04190416795	1.041698563	0.3155768442	100000
smith09_denoised	full	auditory__ecn	rtpj-minus-vlpfc	27	0.01740059031	0.1615132676	0.03108324285	0.5598061435	0.5823741763	100000
smith09_denoised	full	auditory__ecn	rtpj-minus-sham	27	-0.001632858389	0.1759320941	0.0338581473	-0.04822645416	0.9615903841	100000
smith09_denoised	full	auditory__ecn	vlpfc-minus-sham	27	-0.0190334487	0.1908382851	0.03672684508	-0.5182434989	0.606503935	100000
smith09_denoised	full	auditory__ecn	both-minus-mean-rtpj-vlpfc	27	0.03495121638	0.1884299611	0.03626336292	0.9638161927	0.3476565234	100000
smith09_denoised	full	auditory__left-fpn	both-minus-sham	27	0.01499431387	0.1783634124	0.03432605471	0.4368201936	0.6772732273	100000
smith09_denoised	full	auditory__left-fpn	both-minus-rtpj	27	-0.01864857548	0.1732357722	0.03333923991	-0.5593581478	0.5836141639	100000
smith09_denoised	full	auditory__left-fpn	both-minus-vlpfc	27	0.03805851325	0.2063281054	0.0397078624	0.9584629076	0.3599864001	100000
smith09_denoised	full	auditory__left-fpn	rtpj-minus-vlpfc	27	0.05670708873	0.1887387021	0.03632278015	1.561199019	0.1319486805	100000
smith09_denoised	full	auditory__left-fpn	rtpj-minus-sham	27	0.03364288935	0.1942281049	0.03737921621	0.9000426645	0.3728062719	100000
smith09_denoised	full	auditory__left-fpn	vlpfc-minus-sham	27	-0.02306419938	0.1469529269	0.02828110396	-0.8155339133	0.4251257487	100000
smith09_denoised	full	auditory__left-fpn	both-minus-mean-rtpj-vlpfc	27	0.009704968881	0.165485303	0.03184766141	0.304730974	0.7744722553	100000
smith09_denoised	full	auditory__right-fpn	both-minus-sham	27	-0.03452183922	0.1885942585	0.03629498197	-0.951146339	0.3477465225	100000
smith09_denoised	full	auditory__right-fpn	both-minus-rtpj	27	-0.0475568432	0.2244397557	0.04319345112	-1.10101976	0.2794672053	100000
smith09_denoised	full	auditory__right-fpn	both-minus-vlpfc	27	-0.03376347055	0.2016286184	0.0388034457	-0.870115268	0.4011159888	100000
smith09_denoised	full	auditory__right-fpn	rtpj-minus-vlpfc	27	0.01379337264	0.2116395053	0.04073004179	0.3386535352	0.7372526275	100000
smith09_denoised	full	auditory__right-fpn	rtpj-minus-sham	27	0.01303500397	0.1422775543	0.02738132809	0.4760544826	0.6466935331	100000
smith09_denoised	full	auditory__right-fpn	vlpfc-minus-sham	27	-0.0007583686726	0.154421694	0.02971846887	-0.02551843017	0.9796802032	100000
smith09_denoised	full	auditory__right-fpn	both-minus-mean-rtpj-vlpfc	27	-0.04066015687	0.1852453286	0.03565048012	-1.140522	0.2688673113	100000
smith09_denoised	full	dmn__auditory	both-minus-sham	27	-0.03646294955	0.2075198087	0.03993720581	-0.9130070272	0.3662363376	100000
smith09_denoised	full	dmn__auditory	both-minus-rtpj	27	0.02637096419	0.1620323289	0.03118313624	0.8456803058	0.4039359606	100000
smith09_denoised	full	dmn__auditory	both-minus-vlpfc	27	-0.01913989059	0.1639105512	0.03154460028	-0.6067564786	0.5513644864	100000
smith09_denoised	full	dmn__auditory	rtpj-minus-vlpfc	27	-0.04551085479	0.148110221	0.02850382531	-1.596657792	0.1220487795	100000
smith09_denoised	full	dmn__auditory	rtpj-minus-sham	27	-0.06283391374	0.1909863026	0.03675533107	-1.709518372	0.09845901541	100000
smith09_denoised	full	dmn__auditory	vlpfc-minus-sham	27	-0.01732305896	0.1952226498	0.03757061647	-0.4610799765	0.6479435206	100000
smith09_denoised	full	dmn__auditory	both-minus-mean-rtpj-vlpfc	27	0.003615536809	0.1451771773	0.02793936081	0.1294065685	0.8993710063	100000
smith09_denoised	full	dmn__ecn	both-minus-sham	27	0.01232661937	0.1645328581	0.0316643633	0.3892899804	0.6991330087	100000
smith09_denoised	full	dmn__ecn	both-minus-rtpj	27	-0.009643730511	0.178162212	0.03428733368	-0.2812621886	0.7783922161	100000
smith09_denoised	full	dmn__ecn	both-minus-vlpfc	27	-0.01565196198	0.1485360159	0.02858576959	-0.5475438377	0.588904111	100000
smith09_denoised	full	dmn__ecn	rtpj-minus-vlpfc	27	-0.00600823147	0.157403093	0.03029223938	-0.1983422683	0.8446215538	100000
smith09_denoised	full	dmn__ecn	rtpj-minus-sham	27	0.02197034989	0.134344434	0.02585459838	0.8497656613	0.4036559634	100000
smith09_denoised	full	dmn__ecn	vlpfc-minus-sham	27	0.02797858136	0.1541159533	0.02965962904	0.9433220261	0.354496455	100000
smith09_denoised	full	dmn__ecn	both-minus-mean-rtpj-vlpfc	27	-0.01264784625	0.1439042302	0.02769438201	-0.4566935722	0.6498735013	100000
smith09_denoised	full	dmn__left-fpn	both-minus-sham	27	0.01101613343	0.1716247246	0.03302919364	0.3335271684	0.7418125819	100000
smith09_denoised	full	dmn__left-fpn	both-minus-rtpj	27	0.01988098454	0.1777415273	0.03420637287	0.5812070346	0.565504345	100000
smith09_denoised	full	dmn__left-fpn	both-minus-vlpfc	27	-0.002249685139	0.1720752094	0.03311588949	-0.06793370715	0.9463105369	100000
smith09_denoised	full	dmn__left-fpn	rtpj-minus-vlpfc	27	-0.02213066968	0.1368122136	0.02632952278	-0.840526806	0.4065659343	100000
smith09_denoised	full	dmn__left-fpn	rtpj-minus-sham	27	-0.008864851109	0.159593356	0.03071375569	-0.2886280401	0.7751222488	100000
smith09_denoised	full	dmn__left-fpn	vlpfc-minus-sham	27	0.01326581857	0.1753941943	0.03375462843	0.3930073944	0.6983730163	100000
smith09_denoised	full	dmn__left-fpn	both-minus-mean-rtpj-vlpfc	27	0.008815649712	0.161001766	0.03098480432	0.2845152618	0.7763322367	100000
smith09_denoised	full	dmn__right-fpn	both-minus-sham	27	-0.04398928883	0.2171603737	0.04179253341	-1.052563347	0.3062669373	100000
smith09_denoised	full	dmn__right-fpn	both-minus-rtpj	27	-0.003490005253	0.1927688122	0.03709837521	-0.09407434242	0.9256607434	100000
smith09_denoised	full	dmn__right-fpn	both-minus-vlpfc	27	0.02166331529	0.233249868	0.04488895803	0.4825978647	0.6305736943	100000
smith09_denoised	full	dmn__right-fpn	rtpj-minus-vlpfc	27	0.02515332054	0.2197212705	0.04228537823	0.5948467674	0.5556144439	100000
smith09_denoised	full	dmn__right-fpn	rtpj-minus-sham	27	-0.04049928357	0.1787469151	0.03439985985	-1.177309552	0.2490475095	100000
smith09_denoised	full	dmn__right-fpn	vlpfc-minus-sham	27	-0.06565260412	0.1447656942	0.02786017085	-2.356504003	0.0265297347	100000
smith09_denoised	full	dmn__right-fpn	both-minus-mean-rtpj-vlpfc	27	0.009086655021	0.1836118154	0.03533611036	0.2571492711	0.7987420126	100000
smith09_denoised	full	dmn__sensorimotor	both-minus-sham	27	0.03050551179	0.1487775684	0.02863225638	1.065424652	0.2941370586	100000
smith09_denoised	full	dmn__sensorimotor	both-minus-rtpj	27	0.04793079722	0.1417052112	0.02727118061	1.757562238	0.08976910231	100000
smith09_denoised	full	dmn__sensorimotor	both-minus-vlpfc	27	0.02672059726	0.1563768977	0.03009474799	0.8878824064	0.383596164	100000
smith09_denoised	full	dmn__sensorimotor	rtpj-minus-vlpfc	27	-0.02121019996	0.1581514556	0.03043626182	-0.6968727004	0.4919250807	100000
smith09_denoised	full	dmn__sensorimotor	rtpj-minus-sham	27	-0.01742528544	0.1710060485	0.03291012939	-0.5294809155	0.601103989	100000
smith09_denoised	full	dmn__sensorimotor	vlpfc-minus-sham	27	0.003784914525	0.1737993451	0.03344769956	0.113159188	0.9101408986	100000
smith09_denoised	full	dmn__sensorimotor	both-minus-mean-rtpj-vlpfc	27	0.03732569724	0.1265467494	0.02435393327	1.532635276	0.1379486205	100000
smith09_denoised	full	ecn__left-fpn	both-minus-sham	27	-0.01097652513	0.1742888196	0.03354189897	-0.3272481722	0.7441425586	100000
smith09_denoised	full	ecn__left-fpn	both-minus-rtpj	27	-0.01695442736	0.168573303	0.03244194728	-0.5226081902	0.6074139259	100000
smith09_denoised	full	ecn__left-fpn	both-minus-vlpfc	27	-0.001693064578	0.1661678344	0.03197901463	-0.05294298768	0.957300427	100000
smith09_denoised	full	ecn__left-fpn	rtpj-minus-vlpfc	27	0.01526136277	0.1443730712	0.02778461051	0.5492739503	0.5857141429	100000
smith09_denoised	full	ecn__left-fpn	rtpj-minus-sham	27	0.005977902223	0.1482937726	0.02853914984	0.2094632201	0.8359816402	100000
smith09_denoised	full	ecn__left-fpn	vlpfc-minus-sham	27	-0.009283460557	0.1650608346	0.03176597244	-0.2922454389	0.7694623054	100000
smith09_denoised	full	ecn__left-fpn	both-minus-mean-rtpj-vlpfc	27	-0.009323745965	0.1510081385	0.02906152981	-0.3208277756	0.7515124849	100000
smith09_denoised	full	ecn__right-fpn	both-minus-sham	27	-0.1057260333	0.2140579016	0.04119546237	-2.566448518	0.008379916201	100000
smith09_denoised	full	ecn__right-fpn	both-minus-rtpj	27	-0.05478057948	0.1788097085	0.03441194445	-1.59190596	0.1246887531	100000
smith09_denoised	full	ecn__right-fpn	both-minus-vlpfc	27	-0.1171108402	0.2056899356	0.03958504657	-2.9584616	0.005969940301	100000
smith09_denoised	full	ecn__right-fpn	rtpj-minus-vlpfc	27	-0.06233026072	0.1531644628	0.02947651461	-2.114573638	0.0460095399	100000
smith09_denoised	full	ecn__right-fpn	rtpj-minus-sham	27	-0.05094545385	0.1295880397	0.02493922987	-2.042783763	0.05139948601	100000
smith09_denoised	full	ecn__right-fpn	vlpfc-minus-sham	27	0.01138480687	0.1466044534	0.02821404021	0.4035156535	0.6870931291	100000
smith09_denoised	full	ecn__right-fpn	both-minus-mean-rtpj-vlpfc	27	-0.08594570985	0.1768496327	0.03403472767	-2.525235714	0.013099869	100000
smith09_denoised	full	lateral-visual__auditory	both-minus-sham	27	-0.01728534334	0.2063491002	0.03971190285	-0.4352685744	0.6698533015	100000
smith09_denoised	full	lateral-visual__auditory	both-minus-rtpj	27	-0.02445066519	0.2060372435	0.03965188601	-0.616633095	0.5545544545	100000
smith09_denoised	full	lateral-visual__auditory	both-minus-vlpfc	27	-0.01418192985	0.1933468899	0.03720962632	-0.381136046	0.7098529015	100000
smith09_denoised	full	lateral-visual__auditory	rtpj-minus-vlpfc	27	0.01026873534	0.1471790896	0.028324629	0.362537329	0.7140328597	100000
smith09_denoised	full	lateral-visual__auditory	rtpj-minus-sham	27	0.00716532185	0.1860665528	0.03580852479	0.2001010065	0.8406515935	100000
smith09_denoised	full	lateral-visual__auditory	vlpfc-minus-sham	27	-0.003103413496	0.1867503106	0.03594011403	-0.0863495729	0.9310606894	100000
smith09_denoised	full	lateral-visual__auditory	both-minus-mean-rtpj-vlpfc	27	-0.01931629752	0.1857464984	0.03574693029	-0.5403624132	0.602603974	100000
smith09_denoised	full	lateral-visual__dmn	both-minus-sham	27	0.001032956032	0.215986286	0.04156658012	0.02485063792	0.9806301937	100000
smith09_denoised	full	lateral-visual__dmn	both-minus-rtpj	27	0.04045571289	0.1938297927	0.03730256101	1.084529099	0.2894371056	100000
smith09_denoised	full	lateral-visual__dmn	both-minus-vlpfc	27	-0.002937804647	0.2008181221	0.03864746562	-0.07601545405	0.9395406046	100000
smith09_denoised	full	lateral-visual__dmn	rtpj-minus-vlpfc	27	-0.04339351753	0.1889362142	0.03636079138	-1.193415101	0.2407875921	100000
smith09_denoised	full	lateral-visual__dmn	rtpj-minus-sham	27	-0.03942275685	0.1959004585	0.03770106081	-1.045667045	0.3049469505	100000
smith09_denoised	full	lateral-visual__dmn	vlpfc-minus-sham	27	0.00397076068	0.1940356521	0.03734217866	0.1063344674	0.9179108209	100000
smith09_denoised	full	lateral-visual__dmn	both-minus-mean-rtpj-vlpfc	27	0.01875895412	0.1732764557	0.03334706945	0.5625368113	0.5793642064	100000
smith09_denoised	full	lateral-visual__ecn	both-minus-sham	27	0.06056079686	0.2284185433	0.04395916915	1.377660179	0.1868681313	100000
smith09_denoised	full	lateral-visual__ecn	both-minus-rtpj	27	0.01928539821	0.1824233129	0.03510738294	0.5493259992	0.5899741003	100000
smith09_denoised	full	lateral-visual__ecn	both-minus-vlpfc	27	0.09694419215	0.2310359594	0.04446289112	2.180339373	0.0240597594	100000
smith09_denoised	full	lateral-visual__ecn	rtpj-minus-vlpfc	27	0.07765879394	0.2153153929	0.04143746668	1.874120214	0.07187928121	100000
smith09_denoised	full	lateral-visual__ecn	rtpj-minus-sham	27	0.04127539864	0.1524252754	0.02933425793	1.407071512	0.1727682723	100000
smith09_denoised	full	lateral-visual__ecn	vlpfc-minus-sham	27	-0.03638339529	0.1875574431	0.03609544675	-1.00797742	0.3224667753	100000
smith09_denoised	full	lateral-visual__ecn	both-minus-mean-rtpj-vlpfc	27	0.05811479517	0.1781509478	0.03428516589	1.695041971	0.09764902351	100000
smith09_denoised	full	lateral-visual__left-fpn	both-minus-sham	27	-0.01913092527	0.1582980055	0.03046446537	-0.6279750864	0.5384346157	100000
smith09_denoised	full	lateral-visual__left-fpn	both-minus-rtpj	27	-0.007113809451	0.1355426831	0.02608520152	-0.2727143758	0.7874421256	100000
smith09_denoised	full	lateral-visual__left-fpn	both-minus-vlpfc	27	0.02749753127	0.1265397202	0.02435258051	1.129142403	0.2650773492	100000
smith09_denoised	full	lateral-visual__left-fpn	rtpj-minus-vlpfc	27	0.03461134073	0.1423077992	0.02738714872	1.263780362	0.2184578154	100000
smith09_denoised	full	lateral-visual__left-fpn	rtpj-minus-sham	27	-0.01201711582	0.159698765	0.03073404165	-0.3910034338	0.6971230288	100000
smith09_denoised	full	lateral-visual__left-fpn	vlpfc-minus-sham	27	-0.04662845654	0.1476969007	0.02842428179	-1.640444493	0.1141088589	100000
smith09_denoised	full	lateral-visual__left-fpn	both-minus-mean-rtpj-vlpfc	27	0.01019186091	0.1101325676	0.02119502251	0.4808610564	0.6338936611	100000
smith09_denoised	full	lateral-visual__right-fpn	both-minus-sham	27	-0.01676279491	0.2224554913	0.04281157926	-0.391548156	0.7057729423	100000
smith09_denoised	full	lateral-visual__right-fpn	both-minus-rtpj	27	-0.02286282378	0.208446	0.0401154514	-0.5699256266	0.5721642784	100000
smith09_denoised	full	lateral-visual__right-fpn	both-minus-vlpfc	27	0.01722085415	0.1962025958	0.03775920717	0.4560703319	0.6851631484	100000
smith09_denoised	full	lateral-visual__right-fpn	rtpj-minus-vlpfc	27	0.04008367792	0.1920533807	0.03696069035	1.084494839	0.2880371196	100000
smith09_denoised	full	lateral-visual__right-fpn	rtpj-minus-sham	27	0.006100028862	0.1549969921	0.02982918503	0.2044986766	0.8402415976	100000
smith09_denoised	full	lateral-visual__right-fpn	vlpfc-minus-sham	27	-0.03398364906	0.1293347454	0.02489048335	-1.365327004	0.1827781722	100000
smith09_denoised	full	lateral-visual__right-fpn	both-minus-mean-rtpj-vlpfc	27	-0.002820984818	0.1781894259	0.034292571	-0.08226227242	0.9371906281	100000
smith09_denoised	full	lateral-visual__sensorimotor	both-minus-sham	27	-0.003830849896	0.2106818817	0.04054574704	-0.09448216338	0.9250507495	100000
smith09_denoised	full	lateral-visual__sensorimotor	both-minus-rtpj	27	0.0281893958	0.2236939844	0.04304992736	0.6548070468	0.5169848302	100000
smith09_denoised	full	lateral-visual__sensorimotor	both-minus-vlpfc	27	0.004338962261	0.1593417885	0.0306653415	0.141494014	0.88800112	100000
smith09_denoised	full	lateral-visual__sensorimotor	rtpj-minus-vlpfc	27	-0.02385043353	0.1724955471	0.03319678352	-0.7184561577	0.47599524	100000
smith09_denoised	full	lateral-visual__sensorimotor	rtpj-minus-sham	27	-0.0320202457	0.125865642	0.02422285411	-1.321902265	0.1980680193	100000
smith09_denoised	full	lateral-visual__sensorimotor	vlpfc-minus-sham	27	-0.008169812163	0.1725933142	0.03321559881	-0.2459631154	0.8097219028	100000
smith09_denoised	full	lateral-visual__sensorimotor	both-minus-mean-rtpj-vlpfc	27	0.01626417902	0.1739992059	0.03348616279	0.4856984995	0.6314236858	100000
smith09_denoised	full	occipital-pole__auditory	both-minus-sham	27	0.04877433594	0.2502121569	0.04815335204	1.012895964	0.3709762902	100000
smith09_denoised	full	occipital-pole__auditory	both-minus-rtpj	27	0.01674407735	0.2276332492	0.04380803923	0.3822147177	0.7062829372	100000
smith09_denoised	full	occipital-pole__auditory	both-minus-vlpfc	27	0.04405905366	0.2534391089	0.04877437925	0.9033237191	0.4330656693	100000
smith09_denoised	full	occipital-pole__auditory	rtpj-minus-vlpfc	27	0.02731497631	0.2291513554	0.0441001989	0.6193844244	0.5420145799	100000
smith09_denoised	full	occipital-pole__auditory	rtpj-minus-sham	27	0.0320302586	0.2345072919	0.04513094936	0.7097182545	0.4839651603	100000
smith09_denoised	full	occipital-pole__auditory	vlpfc-minus-sham	27	0.004715282293	0.1763503153	0.03393863399	0.1389355356	0.8918310817	100000
smith09_denoised	full	occipital-pole__auditory	both-minus-mean-rtpj-vlpfc	27	0.0304015655	0.2118880674	0.04077787759	0.7455406533	0.4915750842	100000
smith09_denoised	full	occipital-pole__dmn	both-minus-sham	27	0.03676099251	0.1800492519	0.03465049468	1.060908159	0.2977470225	100000
smith09_denoised	full	occipital-pole__dmn	both-minus-rtpj	27	-0.01495403101	0.1261975028	0.02428672074	-0.6157287008	0.5391446086	100000
smith09_denoised	full	occipital-pole__dmn	both-minus-vlpfc	27	-0.007826133902	0.145671872	0.02803456484	-0.2791601706	0.7813721863	100000
smith09_denoised	full	occipital-pole__dmn	rtpj-minus-vlpfc	27	0.007127897107	0.1304014179	0.02509576458	0.2840278918	0.7760122399	100000
smith09_denoised	full	occipital-pole__dmn	rtpj-minus-sham	27	0.05171502352	0.1673592646	0.03220830549	1.60564248	0.122798772	100000
smith09_denoised	full	occipital-pole__dmn	vlpfc-minus-sham	27	0.04458712642	0.1573717708	0.03028621141	1.472192273	0.1558484415	100000
smith09_denoised	full	occipital-pole__dmn	both-minus-mean-rtpj-vlpfc	27	-0.01139008246	0.1196742226	0.02303131488	-0.4945476415	0.6230937691	100000
smith09_denoised	full	occipital-pole__ecn	both-minus-sham	27	0.07604860085	0.2056774694	0.03958264743	1.921261103	0.06270937291	100000
smith09_denoised	full	occipital-pole__ecn	both-minus-rtpj	27	0.04403463643	0.1616758811	0.03111453782	1.415243147	0.1700182998	100000
smith09_denoised	full	occipital-pole__ecn	both-minus-vlpfc	27	0.02742028456	0.2319537134	0.04463951297	0.614260388	0.5827541725	100000
smith09_denoised	full	occipital-pole__ecn	rtpj-minus-vlpfc	27	-0.01661435188	0.1460543733	0.02810817725	-0.5910860648	0.5620343797	100000
smith09_denoised	full	occipital-pole__ecn	rtpj-minus-sham	27	0.03201396442	0.1559694804	0.03001634049	1.066551215	0.2925870741	100000
smith09_denoised	full	occipital-pole__ecn	vlpfc-minus-sham	27	0.0486283163	0.1271542889	0.02447085431	1.987193242	0.05695943041	100000
smith09_denoised	full	occipital-pole__ecn	both-minus-mean-rtpj-vlpfc	27	0.03572746049	0.1861124334	0.0358173545	0.9974902108	0.3509864901	100000
smith09_denoised	full	occipital-pole__lateral-visual	both-minus-sham	27	0.04199028285	0.273279411	0.05259264717	0.798405958	0.4957550424	100000
smith09_denoised	full	occipital-pole__lateral-visual	both-minus-rtpj	27	0.02787790185	0.1815295659	0.03493538124	0.797984761	0.434195658	100000
smith09_denoised	full	occipital-pole__lateral-visual	both-minus-vlpfc	27	0.04802919011	0.2247627532	0.04325561203	1.110357428	0.3043569564	100000
smith09_denoised	full	occipital-pole__lateral-visual	rtpj-minus-vlpfc	27	0.02015128825	0.1827206493	0.03516460535	0.5730560049	0.5724642754	100000
smith09_denoised	full	occipital-pole__lateral-visual	rtpj-minus-sham	27	0.014112381	0.2218763568	0.04270012477	0.3304997604	0.7573524265	100000
smith09_denoised	full	occipital-pole__lateral-visual	vlpfc-minus-sham	27	-0.006038907255	0.178371769	0.03432766295	-0.1759195569	0.8626713733	100000
smith09_denoised	full	occipital-pole__lateral-visual	both-minus-mean-rtpj-vlpfc	27	0.03795354598	0.1827263811	0.03516570843	1.079277161	0.305396946	100000
smith09_denoised	full	occipital-pole__left-fpn	both-minus-sham	27	-0.05908732546	0.1381424219	0.0265855215	-2.222537762	0.0330596694	100000
smith09_denoised	full	occipital-pole__left-fpn	both-minus-rtpj	27	-0.03988340801	0.1427978854	0.02748146586	-1.451283866	0.1571884281	100000
smith09_denoised	full	occipital-pole__left-fpn	both-minus-vlpfc	27	-0.0009723435441	0.1488772524	0.02865144059	-0.03393698621	0.9738802612	100000
smith09_denoised	full	occipital-pole__left-fpn	rtpj-minus-vlpfc	27	0.03891106447	0.1580408362	0.0304149731	1.279339105	0.2112178878	100000
smith09_denoised	full	occipital-pole__left-fpn	rtpj-minus-sham	27	-0.01920391745	0.1702952951	0.03277334482	-0.5859614744	0.558604414	100000
smith09_denoised	full	occipital-pole__left-fpn	vlpfc-minus-sham	27	-0.05811498192	0.1284741618	0.02472486397	-2.350467205	0.0259497405	100000
smith09_denoised	full	occipital-pole__left-fpn	both-minus-mean-rtpj-vlpfc	27	-0.02042787578	0.1226116214	0.02359661755	-0.8657120342	0.3981360186	100000
smith09_denoised	full	occipital-pole__right-fpn	both-minus-sham	27	-0.05140581642	0.2176700721	0.0418906249	-1.2271437	0.2479075209	100000
smith09_denoised	full	occipital-pole__right-fpn	both-minus-rtpj	27	-0.02082093365	0.1668275068	0.03210596865	-0.6485066337	0.5247747523	100000
smith09_denoised	full	occipital-pole__right-fpn	both-minus-vlpfc	27	-0.0255525151	0.1812318308	0.0348780821	-0.7326238588	0.5340846592	100000
smith09_denoised	full	occipital-pole__right-fpn	rtpj-minus-vlpfc	27	-0.004731581434	0.1369306012	0.02635230649	-0.1795509412	0.8574514255	100000
smith09_denoised	full	occipital-pole__right-fpn	rtpj-minus-sham	27	-0.03058488277	0.1409004394	0.0271163022	-1.127914955	0.2721772782	100000
smith09_denoised	full	occipital-pole__right-fpn	vlpfc-minus-sham	27	-0.02585330133	0.1498067854	0.0288303293	-0.8967397169	0.3783762162	100000
smith09_denoised	full	occipital-pole__right-fpn	both-minus-mean-rtpj-vlpfc	27	-0.02318672437	0.1601583571	0.0308224902	-0.7522664202	0.4973250267	100000
smith09_denoised	full	occipital-pole__sensorimotor	both-minus-sham	27	-0.01064131185	0.2242344775	0.04315394531	-0.2465895476	0.8379616204	100000
smith09_denoised	full	occipital-pole__sensorimotor	both-minus-rtpj	27	0.04234795194	0.1728637754	0.03326764909	1.272946935	0.2194878051	100000
smith09_denoised	full	occipital-pole__sensorimotor	both-minus-vlpfc	27	0.05451189811	0.253946019	0.04887193414	1.115402921	0.308296917	100000
smith09_denoised	full	occipital-pole__sensorimotor	rtpj-minus-vlpfc	27	0.01216394618	0.1610815815	0.03100016481	0.3923832744	0.7112928871	100000
smith09_denoised	full	occipital-pole__sensorimotor	rtpj-minus-sham	27	-0.05298926378	0.1519313668	0.02923920517	-1.812267587	0.08240917591	100000
smith09_denoised	full	occipital-pole__sensorimotor	vlpfc-minus-sham	27	-0.06515320997	0.1462188883	0.02813983817	-2.315337053	0.0281497185	100000
smith09_denoised	full	occipital-pole__sensorimotor	both-minus-mean-rtpj-vlpfc	27	0.04842992502	0.2017384786	0.0388245883	1.24740344	0.2391876081	100000
smith09_denoised	full	primary-visual__auditory	both-minus-sham	27	-0.00286327185	0.2088093596	0.04018538	-0.07125158081	0.9438505615	100000
smith09_denoised	full	primary-visual__auditory	both-minus-rtpj	27	0.008042339483	0.2103165797	0.04047544464	0.1986967544	0.8520614794	100000
smith09_denoised	full	primary-visual__auditory	both-minus-vlpfc	27	0.01731390823	0.2338168048	0.04499806506	0.3847700609	0.7136328637	100000
smith09_denoised	full	primary-visual__auditory	rtpj-minus-vlpfc	27	0.009271568757	0.140072246	0.02695691631	0.3439402582	0.7415925841	100000
smith09_denoised	full	primary-visual__auditory	rtpj-minus-sham	27	-0.01090561133	0.1488166211	0.02863977209	-0.3807855486	0.7072729273	100000
smith09_denoised	full	primary-visual__auditory	vlpfc-minus-sham	27	-0.02017718008	0.1236751866	0.02380130076	-0.8477343436	0.3988460115	100000
smith09_denoised	full	primary-visual__auditory	both-minus-mean-rtpj-vlpfc	27	0.01267812386	0.2110607079	0.04061865218	0.3121256658	0.7717822822	100000
smith09_denoised	full	primary-visual__dmn	both-minus-sham	27	0.01637168243	0.171048452	0.03291828994	0.4973430412	0.6218637814	100000
smith09_denoised	full	primary-visual__dmn	both-minus-rtpj	27	0.04545090271	0.1590041248	0.03060035808	1.485306237	0.1494485055	100000
smith09_denoised	full	primary-visual__dmn	both-minus-vlpfc	27	0.01744668532	0.1415942443	0.02724982501	0.6402494444	0.5260247398	100000
smith09_denoised	full	primary-visual__dmn	rtpj-minus-vlpfc	27	-0.02800421738	0.1909766951	0.03675348211	-0.7619473253	0.4518654813	100000
smith09_denoised	full	primary-visual__dmn	rtpj-minus-sham	27	-0.02907922027	0.168598575	0.03244681088	-0.8962119692	0.3751562484	100000
smith09_denoised	full	primary-visual__dmn	vlpfc-minus-sham	27	-0.001075002894	0.152984874	0.02944195273	-0.0365126221	0.9720102799	100000
smith09_denoised	full	primary-visual__dmn	both-minus-mean-rtpj-vlpfc	27	0.03144879401	0.1163941422	0.02240006311	1.403960063	0.174598254	100000
smith09_denoised	full	primary-visual__ecn	both-minus-sham	27	0.02915700564	0.1616631487	0.03111208748	0.937160056	0.3550764492	100000
smith09_denoised	full	primary-visual__ecn	both-minus-rtpj	27	-0.03348664149	0.1504514295	0.02895439112	-1.156530675	0.2569874301	100000
smith09_denoised	full	primary-visual__ecn	both-minus-vlpfc	27	0.02421745686	0.1658674909	0.03192121351	0.7586634151	0.4500654993	100000
smith09_denoised	full	primary-visual__ecn	rtpj-minus-vlpfc	27	0.05770409834	0.206867101	0.03981159216	1.449429556	0.1597884021	100000
smith09_denoised	full	primary-visual__ecn	rtpj-minus-sham	27	0.06264364713	0.1513848075	0.02913401978	2.150188941	0.0409795902	100000
smith09_denoised	full	primary-visual__ecn	vlpfc-minus-sham	27	0.004939548789	0.1753254502	0.03374139863	0.1463943105	0.8883911161	100000
smith09_denoised	full	primary-visual__ecn	both-minus-mean-rtpj-vlpfc	27	-0.004634592315	0.119897161	0.0230742194	-0.2008558658	0.8428315717	100000
smith09_denoised	full	primary-visual__lateral-visual	both-minus-sham	27	0.0394211363	0.2090359376	0.04022898495	0.9799187413	0.3347866521	100000
smith09_denoised	full	primary-visual__lateral-visual	both-minus-rtpj	27	0.02326494367	0.1903766792	0.03663800899	0.6349947586	0.5301546985	100000
smith09_denoised	full	primary-visual__lateral-visual	both-minus-vlpfc	27	0.004030258267	0.2100515804	0.04042444549	0.09969854175	0.9212807872	100000
smith09_denoised	full	primary-visual__lateral-visual	rtpj-minus-vlpfc	27	-0.01923468541	0.2162075944	0.04160917094	-0.4622703354	0.6468735313	100000
smith09_denoised	full	primary-visual__lateral-visual	rtpj-minus-sham	27	0.01615619262	0.2164426981	0.04165441667	0.3878626545	0.6989530105	100000
smith09_denoised	full	primary-visual__lateral-visual	vlpfc-minus-sham	27	0.03539087803	0.2106248943	0.04053477981	0.8730990571	0.3951560484	100000
smith09_denoised	full	primary-visual__lateral-visual	both-minus-mean-rtpj-vlpfc	27	0.01364760098	0.1688077078	0.03248705852	0.4200934648	0.6765332347	100000
smith09_denoised	full	primary-visual__left-fpn	both-minus-sham	27	-0.0473638799	0.1482778605	0.02853608755	-1.659788849	0.1082489175	100000
smith09_denoised	full	primary-visual__left-fpn	both-minus-rtpj	27	-0.02957291695	0.2028371273	0.03903602335	-0.7575801635	0.4546154538	100000
smith09_denoised	full	primary-visual__left-fpn	both-minus-vlpfc	27	0.01356509826	0.1703548156	0.03278479954	0.4137618181	0.6818831812	100000
smith09_denoised	full	primary-visual__left-fpn	rtpj-minus-vlpfc	27	0.04313801521	0.1803853225	0.0347151715	1.242627167	0.2287177128	100000
smith09_denoised	full	primary-visual__left-fpn	rtpj-minus-sham	27	-0.01779096295	0.153109792	0.02946599321	-0.6037795102	0.5496945031	100000
smith09_denoised	full	primary-visual__left-fpn	vlpfc-minus-sham	27	-0.06092897817	0.1304426612	0.02510370185	-2.427091372	0.0210397896	100000
smith09_denoised	full	primary-visual__left-fpn	both-minus-mean-rtpj-vlpfc	27	-0.008003909352	0.1641557661	0.03159179192	-0.2533540792	0.8009119909	100000
smith09_denoised	full	primary-visual__occipital-pole	both-minus-sham	27	-0.03293106112	0.2060630527	0.03965685299	-0.8304002621	0.4120058799	100000
smith09_denoised	full	primary-visual__occipital-pole	both-minus-rtpj	27	-0.03030849403	0.1809564623	0.03482508741	-0.8703063304	0.3945260547	100000
smith09_denoised	full	primary-visual__occipital-pole	both-minus-vlpfc	27	-0.0239146313	0.2063713158	0.03971617825	-0.6021382811	0.5539244608	100000
smith09_denoised	full	primary-visual__occipital-pole	rtpj-minus-vlpfc	27	0.006393862721	0.113299952	0.02180458592	0.2932347693	0.7697623024	100000
smith09_denoised	full	primary-visual__occipital-pole	rtpj-minus-sham	27	-0.002622567089	0.163335315	0.03143389603	-0.08343118165	0.9350206498	100000
smith09_denoised	full	primary-visual__occipital-pole	vlpfc-minus-sham	27	-0.00901642981	0.1759396769	0.03385960661	-0.2662886759	0.7899421006	100000
smith09_denoised	full	primary-visual__occipital-pole	both-minus-mean-rtpj-vlpfc	27	-0.02711156266	0.1856285561	0.03572423228	-0.7589123946	0.4580854191	100000
smith09_denoised	full	primary-visual__right-fpn	both-minus-sham	27	-0.05540099753	0.1462317696	0.02814231718	-1.968601134	0.06119938801	100000
smith09_denoised	full	primary-visual__right-fpn	both-minus-rtpj	27	-0.0471307833	0.1741264531	0.03351065153	-1.406441867	0.1683683163	100000
smith09_denoised	full	primary-visual__right-fpn	both-minus-vlpfc	27	-0.01993409914	0.1467631909	0.02824458926	-0.7057670038	0.4861551384	100000
smith09_denoised	full	primary-visual__right-fpn	rtpj-minus-vlpfc	27	0.02719668417	0.1864338543	0.03587921198	0.7580067305	0.4515654843	100000
smith09_denoised	full	primary-visual__right-fpn	rtpj-minus-sham	27	-0.00827021422	0.1691240397	0.03254793661	-0.2540933491	0.802101979	100000
smith09_denoised	full	primary-visual__right-fpn	vlpfc-minus-sham	27	-0.03546689838	0.1442039743	0.02775206779	-1.277991199	0.2102878971	100000
smith09_denoised	full	primary-visual__right-fpn	both-minus-mean-rtpj-vlpfc	27	-0.03353244122	0.1313024464	0.0252691676	-1.327010124	0.1948580514	100000
smith09_denoised	full	primary-visual__sensorimotor	both-minus-sham	27	-0.009303504929	0.1647063617	0.0316977541	-0.2935067545	0.7719522805	100000
smith09_denoised	full	primary-visual__sensorimotor	both-minus-rtpj	27	0.003700227843	0.174950604	0.03366925944	0.109899294	0.9111908881	100000
smith09_denoised	full	primary-visual__sensorimotor	both-minus-vlpfc	27	-0.02462561536	0.1509363769	0.02904771927	-0.8477641612	0.4057559424	100000
smith09_denoised	full	primary-visual__sensorimotor	rtpj-minus-vlpfc	27	-0.02832584319	0.1897559913	0.03651855755	-0.7756561347	0.4437155628	100000
smith09_denoised	full	primary-visual__sensorimotor	rtpj-minus-sham	27	-0.01300373277	0.1347198803	0.02592685305	-0.5015546138	0.6202737973	100000
smith09_denoised	full	primary-visual__sensorimotor	vlpfc-minus-sham	27	0.01532211043	0.1551291579	0.02985462036	0.5132240921	0.6120638794	100000
smith09_denoised	full	primary-visual__sensorimotor	both-minus-mean-rtpj-vlpfc	27	-0.01046269376	0.1330147277	0.02559869629	-0.4087197897	0.6880331197	100000
smith09_denoised	full	right-fpn__left-fpn	both-minus-sham	27	0.03169768709	0.2017156641	0.03882019765	0.8165256493	0.4181858181	100000
smith09_denoised	full	right-fpn__left-fpn	both-minus-rtpj	27	0.04464712765	0.2471768996	0.04756921651	0.9385718521	0.3550464495	100000
smith09_denoised	full	right-fpn__left-fpn	both-minus-vlpfc	27	0.0325325628	0.1940688693	0.03734857131	0.8710524034	0.3902160978	100000
smith09_denoised	full	right-fpn__left-fpn	rtpj-minus-vlpfc	27	-0.01211456485	0.2085265657	0.04013095627	-0.301875808	0.7646323537	100000
smith09_denoised	full	right-fpn__left-fpn	rtpj-minus-sham	27	-0.01294944056	0.1822794016	0.0350796872	-0.3691435583	0.7156628434	100000
smith09_denoised	full	right-fpn__left-fpn	vlpfc-minus-sham	27	-0.0008348757085	0.1563173806	0.03008329393	-0.02775213746	0.9777102229	100000
smith09_denoised	full	right-fpn__left-fpn	both-minus-mean-rtpj-vlpfc	27	0.03858984523	0.1962364409	0.03776572065	1.021822027	0.3117668823	100000
smith09_denoised	full	sensorimotor__auditory	both-minus-sham	27	0.002610669434	0.1899280221	0.03655166489	0.07142409086	0.942700573	100000
smith09_denoised	full	sensorimotor__auditory	both-minus-rtpj	27	0.009505456134	0.1721408637	0.03312852466	0.2869266359	0.7745122549	100000
smith09_denoised	full	sensorimotor__auditory	both-minus-vlpfc	27	-0.05126655702	0.1288918857	0.02480525497	-2.066761946	0.0460195398	100000
smith09_denoised	full	sensorimotor__auditory	rtpj-minus-vlpfc	27	-0.06077201316	0.1881865298	0.03621651455	-1.678019376	0.1059489405	100000
smith09_denoised	full	sensorimotor__auditory	rtpj-minus-sham	27	-0.0068947867	0.1797323937	0.03458951529	-0.1993316947	0.8428515715	100000
smith09_denoised	full	sensorimotor__auditory	vlpfc-minus-sham	27	0.05387722645	0.1784529619	0.03434328854	1.568784725	0.1289187108	100000
smith09_denoised	full	sensorimotor__auditory	both-minus-mean-rtpj-vlpfc	27	-0.02088055044	0.1194539872	0.02298893056	-0.9082871596	0.3834561654	100000
smith09_denoised	full	sensorimotor__ecn	both-minus-sham	27	-0.04352313166	0.2540515296	0.04889223967	-0.8901848628	0.3886861131	100000
smith09_denoised	full	sensorimotor__ecn	both-minus-rtpj	27	-0.04583790349	0.1745409204	0.0335904158	-1.364612566	0.1852781472	100000
smith09_denoised	full	sensorimotor__ecn	both-minus-vlpfc	27	-0.01505303195	0.2073414791	0.03990288625	-0.3772416826	0.711902881	100000
smith09_denoised	full	sensorimotor__ecn	rtpj-minus-vlpfc	27	0.03078487154	0.2182937475	0.04201065129	0.7327872953	0.472195278	100000
smith09_denoised	full	sensorimotor__ecn	rtpj-minus-sham	27	0.002314771825	0.2260125151	0.04349612881	0.05321788141	0.9593104069	100000
smith09_denoised	full	sensorimotor__ecn	vlpfc-minus-sham	27	-0.02847009971	0.1539732032	0.02963215677	-0.9607839191	0.3463465365	100000
smith09_denoised	full	sensorimotor__ecn	both-minus-mean-rtpj-vlpfc	27	-0.03044546772	0.1575260958	0.03031591128	-1.004273546	0.3299267007	100000
smith09_denoised	full	sensorimotor__left-fpn	both-minus-sham	27	0.02098835899	0.1855176114	0.03570288096	0.5878617755	0.5616443836	100000
smith09_denoised	full	sensorimotor__left-fpn	both-minus-rtpj	27	-0.03700432219	0.2003767303	0.03856251972	-0.9595929534	0.3470765292	100000
smith09_denoised	full	sensorimotor__left-fpn	both-minus-vlpfc	27	-0.03494140601	0.1522355503	0.02929774532	-1.192631229	0.2403875961	100000
smith09_denoised	full	sensorimotor__left-fpn	rtpj-minus-vlpfc	27	0.002062916179	0.177400222	0.03414068865	0.06042397682	0.9519404806	100000
smith09_denoised	full	sensorimotor__left-fpn	rtpj-minus-sham	27	0.05799268118	0.2175053546	0.04185892501	1.385431689	0.176298237	100000
smith09_denoised	full	sensorimotor__left-fpn	vlpfc-minus-sham	27	0.055929765	0.1779504543	0.0342465809	1.633148873	0.1133888661	100000
smith09_denoised	full	sensorimotor__left-fpn	both-minus-mean-rtpj-vlpfc	27	-0.03597286411	0.1542580264	0.02968697102	-1.211739119	0.2340776592	100000
smith09_denoised	full	sensorimotor__right-fpn	both-minus-sham	27	0.02907276514	0.2071791478	0.03987164558	0.7291588976	0.469195308	100000
smith09_denoised	full	sensorimotor__right-fpn	both-minus-rtpj	27	0.0185372478	0.2202304719	0.04238337409	0.4373707427	0.6655533445	100000
smith09_denoised	full	sensorimotor__right-fpn	both-minus-vlpfc	27	0.004025330726	0.1999529185	0.0384809571	0.104605785	0.9170108299	100000
smith09_denoised	full	sensorimotor__right-fpn	rtpj-minus-vlpfc	27	-0.01451191708	0.2176366037	0.04188418392	-0.3464772551	0.740902591	100000
smith09_denoised	full	sensorimotor__right-fpn	rtpj-minus-sham	27	0.01053551734	0.189024452	0.03637777275	0.289614139	0.7741422586	100000
smith09_denoised	full	sensorimotor__right-fpn	vlpfc-minus-sham	27	0.02504743441	0.16581377	0.03191087492	0.784918448	0.4369756302	100000
smith09_denoised	full	sensorimotor__right-fpn	both-minus-mean-rtpj-vlpfc	27	0.01128128926	0.179999701	0.03464095861	0.3256633106	0.7507524925	100000
smith09_denoised	partial	auditory__ecn	both-minus-sham	27	-0.03122746977	0.1462778283	0.02815118118	-1.109277425	0.2734072659	100000
smith09_denoised	partial	auditory__ecn	both-minus-rtpj	27	0.002186717023	0.1398200114	0.02690837373	0.08126529849	0.9356306437	100000
smith09_denoised	partial	auditory__ecn	both-minus-vlpfc	27	0.01089694551	0.1578593264	0.03038004153	0.3586876438	0.7206827932	100000
smith09_denoised	partial	auditory__ecn	rtpj-minus-vlpfc	27	0.008710228499	0.1352072444	0.02602064631	0.3347429728	0.7423225768	100000
smith09_denoised	partial	auditory__ecn	rtpj-minus-sham	27	-0.03341418679	0.1376035952	0.02648182423	-1.261778135	0.2183278167	100000
smith09_denoised	partial	auditory__ecn	vlpfc-minus-sham	27	-0.04212441529	0.1649661853	0.03174775717	-1.326846966	0.1981280187	100000
smith09_denoised	partial	auditory__ecn	both-minus-mean-rtpj-vlpfc	27	0.006541831266	0.1329073042	0.02557802263	0.2557598514	0.7973120269	100000
smith09_denoised	partial	auditory__left-fpn	both-minus-sham	27	0.0197328381	0.1809022838	0.03481466076	0.5667967939	0.5823241768	100000
smith09_denoised	partial	auditory__left-fpn	both-minus-rtpj	27	-0.006350614778	0.1415846365	0.027247976	-0.2330673947	0.819601804	100000
smith09_denoised	partial	auditory__left-fpn	both-minus-vlpfc	27	0.01968885054	0.1618150117	0.03114131352	0.6322421348	0.5479445206	100000
smith09_denoised	partial	auditory__left-fpn	rtpj-minus-vlpfc	27	0.02603946532	0.1688084131	0.03248719425	0.8015301389	0.4289857101	100000
smith09_denoised	partial	auditory__left-fpn	rtpj-minus-sham	27	0.02608345287	0.1545951626	0.02975185291	0.8767001153	0.3921860781	100000
smith09_denoised	partial	auditory__left-fpn	vlpfc-minus-sham	27	4.398755407e-05	0.1489384238	0.02866321302	0.001534634448	0.9988700113	100000
smith09_denoised	partial	auditory__left-fpn	both-minus-mean-rtpj-vlpfc	27	0.006669117884	0.1264558562	0.02433644087	0.2740383411	0.7990220098	100000
smith09_denoised	partial	auditory__right-fpn	both-minus-sham	27	0.003993139346	0.1557364168	0.02997148739	0.1332312706	0.8977410226	100000
smith09_denoised	partial	auditory__right-fpn	both-minus-rtpj	27	-0.01150613852	0.1828060783	0.03518104618	-0.3270550415	0.7476725233	100000
smith09_denoised	partial	auditory__right-fpn	both-minus-vlpfc	27	-0.001735163173	0.1317357426	0.02535255548	-0.06844135198	0.9463205368	100000
smith09_denoised	partial	auditory__right-fpn	rtpj-minus-vlpfc	27	0.009770975338	0.1763315299	0.03393501876	0.2879319268	0.7759422406	100000
smith09_denoised	partial	auditory__right-fpn	rtpj-minus-sham	27	0.01549927786	0.1561252037	0.03004630947	0.5158463098	0.6092439076	100000
smith09_denoised	partial	auditory__right-fpn	vlpfc-minus-sham	27	0.00572830252	0.1380007474	0.02655825622	0.2156882015	0.8310516895	100000
smith09_denoised	partial	auditory__right-fpn	both-minus-mean-rtpj-vlpfc	27	-0.006620650844	0.1327139102	0.02554080393	-0.2592185768	0.7970820292	100000
smith09_denoised	partial	dmn__auditory	both-minus-sham	27	-0.02473023947	0.1966077976	0.03783718829	-0.6535961203	0.518404816	100000
smith09_denoised	partial	dmn__auditory	both-minus-rtpj	27	0.009939016773	0.1652890669	0.03180989576	0.3124504666	0.7541624584	100000
smith09_denoised	partial	dmn__auditory	both-minus-vlpfc	27	0.009846196734	0.1411772132	0.02716956735	0.362397995	0.7194628054	100000
smith09_denoised	partial	dmn__auditory	rtpj-minus-vlpfc	27	-9.282004e-05	0.1452626114	0.0279558026	-0.003320242359	0.9972900271	100000
smith09_denoised	partial	dmn__auditory	rtpj-minus-sham	27	-0.03466925625	0.1746273575	0.03360705061	-1.031606631	0.3101868981	100000
smith09_denoised	partial	dmn__auditory	vlpfc-minus-sham	27	-0.03457643621	0.1763728262	0.03394296622	-1.018662776	0.3138468615	100000
smith09_denoised	partial	dmn__auditory	both-minus-mean-rtpj-vlpfc	27	0.009892606753	0.1354637738	0.02607001543	0.3794630188	0.7032529675	100000
smith09_denoised	partial	dmn__ecn	both-minus-sham	27	0.01534223163	0.1506120397	0.02898530056	0.5293107655	0.6007239928	100000
smith09_denoised	partial	dmn__ecn	both-minus-rtpj	27	-0.002653395845	0.1385667565	0.02666718472	-0.09950041117	0.9238207618	100000
smith09_denoised	partial	dmn__ecn	both-minus-vlpfc	27	-0.02518977545	0.1448133897	0.02786934985	-0.9038522817	0.3798762012	100000
smith09_denoised	partial	dmn__ecn	rtpj-minus-vlpfc	27	-0.02253637961	0.1441750748	0.02774650608	-0.8122240525	0.4372356276	100000
smith09_denoised	partial	dmn__ecn	rtpj-minus-sham	27	0.01799562747	0.1511883144	0.02909620467	0.6184871076	0.5431845682	100000
smith09_denoised	partial	dmn__ecn	vlpfc-minus-sham	27	0.04053200708	0.1752391071	0.03372478189	1.201846382	0.2406275937	100000
smith09_denoised	partial	dmn__ecn	both-minus-mean-rtpj-vlpfc	27	-0.01392158565	0.122021387	0.02348302687	-0.5928360824	0.5577344227	100000
smith09_denoised	partial	dmn__left-fpn	both-minus-sham	27	0.01999166266	0.1750785424	0.03369388119	0.5933321406	0.5569244308	100000
smith09_denoised	partial	dmn__left-fpn	both-minus-rtpj	27	-0.002384248554	0.1753750956	0.03375095288	-0.07064240711	0.9433705663	100000
smith09_denoised	partial	dmn__left-fpn	both-minus-vlpfc	27	-0.02399846914	0.1863086307	0.0358551127	-0.6693179112	0.5087549125	100000
smith09_denoised	partial	dmn__left-fpn	rtpj-minus-vlpfc	27	-0.02161422059	0.1418925687	0.02730723758	-0.7915198501	0.4374556254	100000
smith09_denoised	partial	dmn__left-fpn	rtpj-minus-sham	27	0.02237591121	0.1725818764	0.0332133976	0.6737013625	0.5068449316	100000
smith09_denoised	partial	dmn__left-fpn	vlpfc-minus-sham	27	0.0439901318	0.2018019067	0.03883679505	1.132692122	0.2711572884	100000
smith09_denoised	partial	dmn__left-fpn	both-minus-mean-rtpj-vlpfc	27	-0.01319135884	0.1664340402	0.03203024598	-0.4118406972	0.6843431566	100000
smith09_denoised	partial	dmn__right-fpn	both-minus-sham	27	-0.03773533491	0.1997311294	0.03843827377	-0.9817125279	0.3392266077	100000
smith09_denoised	partial	dmn__right-fpn	both-minus-rtpj	27	-0.005743775353	0.1624600187	0.03126544518	-0.1837100134	0.8563614364	100000
smith09_denoised	partial	dmn__right-fpn	both-minus-vlpfc	27	0.03210677169	0.2471861361	0.04757099408	0.6749232871	0.4992250077	100000
smith09_denoised	partial	dmn__right-fpn	rtpj-minus-vlpfc	27	0.03785054705	0.1969400856	0.03790113714	0.998665209	0.3233367666	100000
smith09_denoised	partial	dmn__right-fpn	rtpj-minus-sham	27	-0.03199155956	0.1775966392	0.03417848915	-0.9360144453	0.3535664643	100000
smith09_denoised	partial	dmn__right-fpn	vlpfc-minus-sham	27	-0.06984210661	0.181597981	0.03494854774	-1.998426577	0.05407945921	100000
smith09_denoised	partial	dmn__right-fpn	both-minus-mean-rtpj-vlpfc	27	0.01318149818	0.184528514	0.03551252907	0.3711788073	0.7134228658	100000
smith09_denoised	partial	dmn__sensorimotor	both-minus-sham	27	0.04213609545	0.1720484762	0.03311074468	1.272580724	0.2103878961	100000
smith09_denoised	partial	dmn__sensorimotor	both-minus-rtpj	27	0.0701327174	0.1509410813	0.02904862464	2.414321444	0.0175598244	100000
smith09_denoised	partial	dmn__sensorimotor	both-minus-vlpfc	27	-0.002083695213	0.1507018849	0.02900259128	-0.07184513939	0.9427905721	100000
smith09_denoised	partial	dmn__sensorimotor	rtpj-minus-vlpfc	27	-0.07221641261	0.114872466	0.02210721639	-3.266644309	0.0029899701	100000
smith09_denoised	partial	dmn__sensorimotor	rtpj-minus-sham	27	-0.02799662196	0.1878735627	0.036156284	-0.7743224373	0.4416355836	100000
smith09_denoised	partial	dmn__sensorimotor	vlpfc-minus-sham	27	0.04421979066	0.193253187	0.03719159319	1.188972745	0.2436175638	100000
smith09_denoised	partial	dmn__sensorimotor	both-minus-mean-rtpj-vlpfc	27	0.0340245111	0.1394568507	0.02683848343	1.267750884	0.2205877941	100000
smith09_denoised	partial	ecn__left-fpn	both-minus-sham	27	0.02717608997	0.1421219486	0.02735138176	0.9935911178	0.3291167088	100000
smith09_denoised	partial	ecn__left-fpn	both-minus-rtpj	27	-0.01330031143	0.1619249069	0.03116246287	-0.4268055283	0.6694433056	100000
smith09_denoised	partial	ecn__left-fpn	both-minus-vlpfc	27	0.0542165514	0.1468568579	0.02826261549	1.918313307	0.06666933331	100000
smith09_denoised	partial	ecn__left-fpn	rtpj-minus-vlpfc	27	0.06751686282	0.1546314139	0.02975882949	2.268801024	0.0319296807	100000
smith09_denoised	partial	ecn__left-fpn	rtpj-minus-sham	27	0.04047640139	0.155328771	0.02989303591	1.354041172	0.1890181098	100000
smith09_denoised	partial	ecn__left-fpn	vlpfc-minus-sham	27	-0.02704046142	0.1693741453	0.03259606946	-0.8295620259	0.4119458805	100000
smith09_denoised	partial	ecn__left-fpn	both-minus-mean-rtpj-vlpfc	27	0.02045811998	0.1338491224	0.02575927561	0.7942040097	0.4328456715	100000
smith09_denoised	partial	ecn__right-fpn	both-minus-sham	27	-0.04616421176	0.1468856871	0.02826816366	-1.633081381	0.1141088589	100000
smith09_denoised	partial	ecn__right-fpn	both-minus-rtpj	27	-0.03947539124	0.1143580931	0.02200822527	-1.793665357	0.08429915701	100000
smith09_denoised	partial	ecn__right-fpn	both-minus-vlpfc	27	-0.1018153506	0.1390703283	0.02676409716	-3.804176542	0.0010099899	100000
smith09_denoised	partial	ecn__right-fpn	rtpj-minus-vlpfc	27	-0.06233995936	0.1578072878	0.0303700267	-2.052680427	0.05023949761	100000
smith09_denoised	partial	ecn__right-fpn	rtpj-minus-sham	27	-0.006688820526	0.1410715085	0.02714922448	-0.2463724344	0.8069519305	100000
smith09_denoised	partial	ecn__right-fpn	vlpfc-minus-sham	27	0.05565113883	0.157704203	0.03035018803	1.833634071	0.07840921591	100000
smith09_denoised	partial	ecn__right-fpn	both-minus-mean-rtpj-vlpfc	27	-0.07064537091	0.0999168645	0.01922900954	-3.673895464	0.0008599914001	100000
smith09_denoised	partial	lateral-visual__auditory	both-minus-sham	27	-0.06435004718	0.1524504504	0.02933910285	-2.193320208	0.0362096379	100000
smith09_denoised	partial	lateral-visual__auditory	both-minus-rtpj	27	-0.04816910994	0.1520677176	0.0292654459	-1.645938015	0.1121588784	100000
smith09_denoised	partial	lateral-visual__auditory	both-minus-vlpfc	27	-0.04872058006	0.1386084063	0.02667520023	-1.826437276	0.07975920241	100000
smith09_denoised	partial	lateral-visual__auditory	rtpj-minus-vlpfc	27	-0.0005514701081	0.1323328505	0.02546746896	-0.02165390322	0.982400176	100000
smith09_denoised	partial	lateral-visual__auditory	rtpj-minus-sham	27	-0.01618093723	0.1584340125	0.03049063992	-0.5306853932	0.5981740183	100000
smith09_denoised	partial	lateral-visual__auditory	vlpfc-minus-sham	27	-0.01562946713	0.1546656923	0.02976542636	-0.525087964	0.6032539675	100000
smith09_denoised	partial	lateral-visual__auditory	both-minus-mean-rtpj-vlpfc	27	-0.04844484499	0.1295779483	0.02493728778	-1.942666958	0.06248937511	100000
smith09_denoised	partial	lateral-visual__dmn	both-minus-sham	27	-0.0191129513	0.1816123409	0.0349513113	-0.5468450421	0.5911740883	100000
smith09_denoised	partial	lateral-visual__dmn	both-minus-rtpj	27	0.02662781838	0.2008763551	0.03865867257	0.6887928791	0.4967850321	100000
smith09_denoised	partial	lateral-visual__dmn	both-minus-vlpfc	27	-0.01876370624	0.1890100698	0.03637500489	-0.5158406521	0.6094539055	100000
smith09_denoised	partial	lateral-visual__dmn	rtpj-minus-vlpfc	27	-0.04539152463	0.154040269	0.02964506359	-1.531166378	0.1388386116	100000
smith09_denoised	partial	lateral-visual__dmn	rtpj-minus-sham	27	-0.04574076968	0.2054366558	0.03953630284	-1.156930881	0.2579574204	100000
smith09_denoised	partial	lateral-visual__dmn	vlpfc-minus-sham	27	-0.0003492450537	0.1898880854	0.03654397908	-0.009556842536	0.9914500855	100000
smith09_denoised	partial	lateral-visual__dmn	both-minus-mean-rtpj-vlpfc	27	0.003932056073	0.1791813527	0.0344834674	0.1140272823	0.9103708963	100000
smith09_denoised	partial	lateral-visual__ecn	both-minus-sham	27	0.04112221486	0.1458329903	0.02806557207	1.465219193	0.1583484165	100000
smith09_denoised	partial	lateral-visual__ecn	both-minus-rtpj	27	0.004971220803	0.1633205518	0.03143105484	0.1581627097	0.876401236	100000
smith09_denoised	partial	lateral-visual__ecn	both-minus-vlpfc	27	0.05592401113	0.159258834	0.03064937689	1.824637784	0.07833921661	100000
smith09_denoised	partial	lateral-visual__ecn	rtpj-minus-vlpfc	27	0.05095279032	0.170708132	0.03285279532	1.550942312	0.1332486675	100000
smith09_denoised	partial	lateral-visual__ecn	rtpj-minus-sham	27	0.03615099406	0.135935608	0.02616081996	1.38187542	0.1772582274	100000
smith09_denoised	partial	lateral-visual__ecn	vlpfc-minus-sham	27	-0.01480179627	0.1431847617	0.02755592023	-0.5371548524	0.5953340467	100000
smith09_denoised	partial	lateral-visual__ecn	both-minus-mean-rtpj-vlpfc	27	0.03044761597	0.1368691815	0.02634048625	1.155924597	0.2662073379	100000
smith09_denoised	partial	lateral-visual__left-fpn	both-minus-sham	27	0.02970544655	0.1411775117	0.02716962479	1.09333297	0.2813571864	100000
smith09_denoised	partial	lateral-visual__left-fpn	both-minus-rtpj	27	0.03051516677	0.1369653357	0.02635899115	1.157675823	0.2552474475	100000
smith09_denoised	partial	lateral-visual__left-fpn	both-minus-vlpfc	27	0.03012242119	0.1439782378	0.02770862478	1.087113541	0.2865671343	100000
smith09_denoised	partial	lateral-visual__left-fpn	rtpj-minus-vlpfc	27	-0.0003927455781	0.1610757982	0.03099905181	-0.01266959972	0.9897501025	100000
smith09_denoised	partial	lateral-visual__left-fpn	rtpj-minus-sham	27	-0.0008097202174	0.1309389903	0.02519922042	-0.0321327487	0.9743902561	100000
smith09_denoised	partial	lateral-visual__left-fpn	vlpfc-minus-sham	27	-0.0004169746378	0.1502570323	0.02891697934	-0.01441971628	0.9884801152	100000
smith09_denoised	partial	lateral-visual__left-fpn	both-minus-mean-rtpj-vlpfc	27	0.03031879399	0.1151445391	0.02215957688	1.368202748	0.1828581714	100000
smith09_denoised	partial	lateral-visual__right-fpn	both-minus-sham	27	-0.001797366797	0.1494438598	0.02876048422	-0.06249431626	0.9508604914	100000
smith09_denoised	partial	lateral-visual__right-fpn	both-minus-rtpj	27	-0.008596307781	0.1836018895	0.03533420011	-0.2432857615	0.8097819022	100000
smith09_denoised	partial	lateral-visual__right-fpn	both-minus-vlpfc	27	0.002868600091	0.1351356412	0.02600686627	0.1103016435	0.9111608884	100000
smith09_denoised	partial	lateral-visual__right-fpn	rtpj-minus-vlpfc	27	0.01146490787	0.1773950157	0.03413968668	0.3358234649	0.7418825812	100000
smith09_denoised	partial	lateral-visual__right-fpn	rtpj-minus-sham	27	0.00679894099	0.145500736	0.0280016297	0.242805189	0.8081619184	100000
smith09_denoised	partial	lateral-visual__right-fpn	vlpfc-minus-sham	27	-0.004665966883	0.1212129815	0.02332744917	-0.2000204501	0.8433315667	100000
smith09_denoised	partial	lateral-visual__right-fpn	both-minus-mean-rtpj-vlpfc	27	-0.002863853846	0.1346046053	0.02590466837	-0.1105535807	0.9111108889	100000
smith09_denoised	partial	lateral-visual__sensorimotor	both-minus-sham	27	-0.0006199776322	0.192826618	0.03710949994	-0.01670670942	0.9866601334	100000
smith09_denoised	partial	lateral-visual__sensorimotor	both-minus-rtpj	27	-0.002844045041	0.1766669797	0.0339995761	-0.08364942647	0.9335606644	100000
smith09_denoised	partial	lateral-visual__sensorimotor	both-minus-vlpfc	27	-0.009638070239	0.1921188733	0.03697329441	-0.260676534	0.7965220348	100000
smith09_denoised	partial	lateral-visual__sensorimotor	rtpj-minus-vlpfc	27	-0.006794025196	0.136967154	0.02635934108	-0.2577463972	0.7970520295	100000
smith09_denoised	partial	lateral-visual__sensorimotor	rtpj-minus-sham	27	0.002224067397	0.1450856234	0.02792174124	0.07965360678	0.9384606154	100000
smith09_denoised	partial	lateral-visual__sensorimotor	vlpfc-minus-sham	27	0.0090180926	0.174198381	0.03352449406	0.2690001103	0.7885621144	100000
smith09_denoised	partial	lateral-visual__sensorimotor	both-minus-mean-rtpj-vlpfc	27	-0.006241057641	0.1713780654	0.03298172406	-0.1892277563	0.8500414996	100000
smith09_denoised	partial	occipital-pole__auditory	both-minus-sham	27	0.03080562444	0.1445461894	0.02781792712	1.107401867	0.2769472305	100000
smith09_denoised	partial	occipital-pole__auditory	both-minus-rtpj	27	0.003551794295	0.1597326923	0.03074057096	0.1155409345	0.9099309007	100000
smith09_denoised	partial	occipital-pole__auditory	both-minus-vlpfc	27	0.02745924691	0.128253257	0.02468235081	1.112505333	0.2774172258	100000
smith09_denoised	partial	occipital-pole__auditory	rtpj-minus-vlpfc	27	0.02390745262	0.1540197549	0.02964111565	0.8065638589	0.4258157418	100000
smith09_denoised	partial	occipital-pole__auditory	rtpj-minus-sham	27	0.02725383015	0.1786841125	0.03438777348	0.7925441921	0.4352556474	100000
smith09_denoised	partial	occipital-pole__auditory	vlpfc-minus-sham	27	0.003346377533	0.1455975864	0.02802026858	0.1194270327	0.9056609434	100000
smith09_denoised	partial	occipital-pole__auditory	both-minus-mean-rtpj-vlpfc	27	0.0155055206	0.1226833087	0.02361041376	0.6567237981	0.5165548345	100000
smith09_denoised	partial	occipital-pole__dmn	both-minus-sham	27	0.01699422453	0.1710198062	0.03291277704	0.5163412528	0.6094639054	100000
smith09_denoised	partial	occipital-pole__dmn	both-minus-rtpj	27	-0.02003307346	0.1200315741	0.0231000872	-0.8672293439	0.3954460455	100000
smith09_denoised	partial	occipital-pole__dmn	both-minus-vlpfc	27	-0.008778974277	0.1537710941	0.02959326085	-0.2966545093	0.7671123289	100000
smith09_denoised	partial	occipital-pole__dmn	rtpj-minus-vlpfc	27	0.01125409919	0.1389519775	0.02674132054	0.4208505401	0.6759432406	100000
smith09_denoised	partial	occipital-pole__dmn	rtpj-minus-sham	27	0.037027298	0.1688980523	0.03250444532	1.139145665	0.265697343	100000
smith09_denoised	partial	occipital-pole__dmn	vlpfc-minus-sham	27	0.0257731988	0.191880723	0.03692746236	0.697941238	0.4911150888	100000
smith09_denoised	partial	occipital-pole__dmn	both-minus-mean-rtpj-vlpfc	27	-0.01440602387	0.1191622887	0.02293279316	-0.6281844417	0.5307446926	100000
smith09_denoised	partial	occipital-pole__ecn	both-minus-sham	27	0.03013969811	0.1572604601	0.03026478966	0.995866763	0.3302866971	100000
smith09_denoised	partial	occipital-pole__ecn	both-minus-rtpj	27	0.0199798534	0.1339214371	0.02577319259	0.7752184109	0.4471055289	100000
smith09_denoised	partial	occipital-pole__ecn	both-minus-vlpfc	27	0.002449748593	0.1566258465	0.03014265822	0.08127181669	0.9351906481	100000
smith09_denoised	partial	occipital-pole__ecn	rtpj-minus-vlpfc	27	-0.01753010481	0.1593916692	0.03067494104	-0.571479658	0.5717442826	100000
smith09_denoised	partial	occipital-pole__ecn	rtpj-minus-sham	27	0.01015984471	0.1470310647	0.0282961416	0.3590540665	0.7189328107	100000
smith09_denoised	partial	occipital-pole__ecn	vlpfc-minus-sham	27	0.02768994951	0.1442055012	0.02775236164	0.9977511058	0.3308066919	100000
smith09_denoised	partial	occipital-pole__ecn	both-minus-mean-rtpj-vlpfc	27	0.011214801	0.121991301	0.02347723681	0.4776882853	0.6360636394	100000
smith09_denoised	partial	occipital-pole__lateral-visual	both-minus-sham	27	0.04206611021	0.1965821139	0.03783224546	1.111911537	0.2955770442	100000
smith09_denoised	partial	occipital-pole__lateral-visual	both-minus-rtpj	27	0.02261203164	0.1103069662	0.02122858555	1.065169019	0.2952070479	100000
smith09_denoised	partial	occipital-pole__lateral-visual	both-minus-vlpfc	27	0.02074809327	0.1344866002	0.02588195828	0.8016431001	0.4294057059	100000
smith09_denoised	partial	occipital-pole__lateral-visual	rtpj-minus-vlpfc	27	-0.001863938374	0.1120245719	0.02155913892	-0.08645699539	0.9312406876	100000
smith09_denoised	partial	occipital-pole__lateral-visual	rtpj-minus-sham	27	0.01945407856	0.1893601215	0.03644237238	0.5338312874	0.6085839142	100000
smith09_denoised	partial	occipital-pole__lateral-visual	vlpfc-minus-sham	27	0.02131801694	0.1667831159	0.03209742562	0.6641659423	0.5157748423	100000
smith09_denoised	partial	occipital-pole__lateral-visual	both-minus-mean-rtpj-vlpfc	27	0.02168006246	0.1094977627	0.02107285426	1.028814711	0.3150468495	100000
smith09_denoised	partial	occipital-pole__left-fpn	both-minus-sham	27	-0.05896987907	0.1489558587	0.02866656838	-2.057095858	0.0486495135	100000
smith09_denoised	partial	occipital-pole__left-fpn	both-minus-rtpj	27	-0.0576432873	0.1382193997	0.02660033587	-2.167013514	0.0392796072	100000
smith09_denoised	partial	occipital-pole__left-fpn	both-minus-vlpfc	27	-0.03010650706	0.177643624	0.03418753137	-0.8806282833	0.4066259337	100000
smith09_denoised	partial	occipital-pole__left-fpn	rtpj-minus-vlpfc	27	0.02753678023	0.1734361824	0.03337780886	0.8250026343	0.4173858261	100000
smith09_denoised	partial	occipital-pole__left-fpn	rtpj-minus-sham	27	-0.001326591767	0.13611287	0.02619493405	-0.05064306573	0.9601203988	100000
smith09_denoised	partial	occipital-pole__left-fpn	vlpfc-minus-sham	27	-0.028863372	0.1449526352	0.02789614765	-1.034672327	0.3060169398	100000
smith09_denoised	partial	occipital-pole__left-fpn	both-minus-mean-rtpj-vlpfc	27	-0.04387489718	0.133457493	0.02568390651	-1.708264168	0.09752902471	100000
smith09_denoised	partial	occipital-pole__right-fpn	both-minus-sham	27	0.02321870195	0.1366032406	0.02628930591	0.8831995043	0.3880661193	100000
smith09_denoised	partial	occipital-pole__right-fpn	both-minus-rtpj	27	0.01624544256	0.09790396146	0.01884162617	0.8622102158	0.397396026	100000
smith09_denoised	partial	occipital-pole__right-fpn	both-minus-vlpfc	27	0.03215322765	0.133942327	0.02577721284	1.247350823	0.225597744	100000
smith09_denoised	partial	occipital-pole__right-fpn	rtpj-minus-vlpfc	27	0.01590778508	0.1290610187	0.02483780463	0.6404666319	0.5256947431	100000
smith09_denoised	partial	occipital-pole__right-fpn	rtpj-minus-sham	27	0.006973259375	0.1166553999	0.02245034217	0.3106081556	0.7576624234	100000
smith09_denoised	partial	occipital-pole__right-fpn	vlpfc-minus-sham	27	-0.0089345257	0.131303826	0.02526943309	-0.3535704845	0.7255227448	100000
smith09_denoised	partial	occipital-pole__right-fpn	both-minus-mean-rtpj-vlpfc	27	0.02419933511	0.09797285173	0.01885488411	1.283451809	0.2129378706	100000
smith09_denoised	partial	occipital-pole__sensorimotor	both-minus-sham	27	0.005929258584	0.1693891684	0.03259896065	0.1818848965	0.8702512975	100000
smith09_denoised	partial	occipital-pole__sensorimotor	both-minus-rtpj	27	0.05747990896	0.128023159	0.02463806844	2.332971398	0.0277397226	100000
smith09_denoised	partial	occipital-pole__sensorimotor	both-minus-vlpfc	27	0.06522927455	0.2210099492	0.04253338455	1.533601787	0.1365186348	100000
smith09_denoised	partial	occipital-pole__sensorimotor	rtpj-minus-vlpfc	27	0.007749365595	0.1630619045	0.03138127815	0.2469423189	0.817301827	100000
smith09_denoised	partial	occipital-pole__sensorimotor	rtpj-minus-sham	27	-0.05155065038	0.1159887664	0.0223220485	-2.309404999	0.0305096949	100000
smith09_denoised	partial	occipital-pole__sensorimotor	vlpfc-minus-sham	27	-0.05930001597	0.1312871435	0.02526622255	-2.347007585	0.0252197478	100000
smith09_denoised	partial	occipital-pole__sensorimotor	both-minus-mean-rtpj-vlpfc	27	0.06135459176	0.1611532416	0.0310139558	1.978289779	0.05159948401	100000
smith09_denoised	partial	primary-visual__auditory	both-minus-sham	27	-0.02102716481	0.1620992057	0.03119600668	-0.6740338603	0.5164248358	100000
smith09_denoised	partial	primary-visual__auditory	both-minus-rtpj	27	-0.006573978069	0.1817699039	0.03498163433	-0.1879265562	0.8616313837	100000
smith09_denoised	partial	primary-visual__auditory	both-minus-vlpfc	27	0.00942016322	0.2060911814	0.03966226634	0.2375094539	0.8291117089	100000
smith09_denoised	partial	primary-visual__auditory	rtpj-minus-vlpfc	27	0.01599414129	0.1411601947	0.02716629213	0.588749514	0.5647443526	100000
smith09_denoised	partial	primary-visual__auditory	rtpj-minus-sham	27	-0.01445318675	0.1388641123	0.02672441087	-0.5408234	0.6003839962	100000
smith09_denoised	partial	primary-visual__auditory	vlpfc-minus-sham	27	-0.03044732804	0.1223137368	0.02353928961	-1.293468433	0.208497915	100000
smith09_denoised	partial	primary-visual__auditory	both-minus-mean-rtpj-vlpfc	27	0.001423092583	0.181039737	0.03484111363	0.04084520943	0.9725902741	100000
smith09_denoised	partial	primary-visual__dmn	both-minus-sham	27	0.009488210633	0.1352283237	0.02602470303	0.3645847802	0.7177128229	100000
smith09_denoised	partial	primary-visual__dmn	both-minus-rtpj	27	0.02460627329	0.1073763943	0.02066459673	1.19074539	0.2421375786	100000
smith09_denoised	partial	primary-visual__dmn	both-minus-vlpfc	27	0.03644850083	0.1218269648	0.02344561031	1.554598083	0.1323086769	100000
smith09_denoised	partial	primary-visual__dmn	rtpj-minus-vlpfc	27	0.01184222754	0.1633465627	0.03143606065	0.3767083819	0.7102228978	100000
smith09_denoised	partial	primary-visual__dmn	rtpj-minus-sham	27	-0.01511806266	0.1614481587	0.03107071263	-0.4865695499	0.6279437206	100000
smith09_denoised	partial	primary-visual__dmn	vlpfc-minus-sham	27	-0.0269602902	0.1663465879	0.03201341577	-0.8421560008	0.4090859091	100000
smith09_denoised	partial	primary-visual__dmn	both-minus-mean-rtpj-vlpfc	27	0.03052738706	0.08071694257	0.01553398284	1.965200256	0.06051939481	100000
smith09_denoised	partial	primary-visual__ecn	both-minus-sham	27	-0.0105678319	0.1306661363	0.02514670965	-0.4202471038	0.6769732303	100000
smith09_denoised	partial	primary-visual__ecn	both-minus-rtpj	27	-0.0746953138	0.1396439511	0.02687449091	-2.779413163	0.010599894	100000
smith09_denoised	partial	primary-visual__ecn	both-minus-vlpfc	27	-0.04833165353	0.1367536765	0.02631825731	-1.836430618	0.07623923761	100000
smith09_denoised	partial	primary-visual__ecn	rtpj-minus-vlpfc	27	0.02636366027	0.1542400531	0.02968351205	0.8881583899	0.3797662023	100000
smith09_denoised	partial	primary-visual__ecn	rtpj-minus-sham	27	0.0641274819	0.1343371045	0.02585318781	2.480447764	0.0208197918	100000
smith09_denoised	partial	primary-visual__ecn	vlpfc-minus-sham	27	0.03776382162	0.1420375318	0.02733513575	1.381512131	0.1786782132	100000
smith09_denoised	partial	primary-visual__ecn	both-minus-mean-rtpj-vlpfc	27	-0.06151348366	0.1146887181	0.02207185409	-2.786964947	0.008709912901	100000
smith09_denoised	partial	primary-visual__lateral-visual	both-minus-sham	27	0.03260463856	0.2036970064	0.03920150715	0.8317190058	0.4138458615	100000
smith09_denoised	partial	primary-visual__lateral-visual	both-minus-rtpj	27	-0.009981492544	0.1923074701	0.03700958988	-0.2697001663	0.7907220928	100000
smith09_denoised	partial	primary-visual__lateral-visual	both-minus-vlpfc	27	-0.01059974281	0.2057115052	0.03958919763	-0.2677433099	0.793302067	100000
smith09_denoised	partial	primary-visual__lateral-visual	rtpj-minus-vlpfc	27	-0.000618250263	0.1889085229	0.03635546218	-0.01700570494	0.9870401296	100000
smith09_denoised	partial	primary-visual__lateral-visual	rtpj-minus-sham	27	0.0425861311	0.212959548	0.04098408413	1.039089491	0.3065269347	100000
smith09_denoised	partial	primary-visual__lateral-visual	vlpfc-minus-sham	27	0.04320438137	0.2432800042	0.04681925863	0.9227908051	0.3665363346	100000
smith09_denoised	partial	primary-visual__lateral-visual	both-minus-mean-rtpj-vlpfc	27	-0.01029061767	0.1752942832	0.03373540052	-0.3050391433	0.7662123379	100000
smith09_denoised	partial	primary-visual__left-fpn	both-minus-sham	27	-0.009602169473	0.1897947217	0.03652601122	-0.2628857943	0.7937720623	100000
smith09_denoised	partial	primary-visual__left-fpn	both-minus-rtpj	27	-0.01399034213	0.1953846738	0.037601798	-0.3720657756	0.7127628724	100000
smith09_denoised	partial	primary-visual__left-fpn	both-minus-vlpfc	27	0.02597196406	0.1686226883	0.03245145149	0.8003328931	0.4256857431	100000
smith09_denoised	partial	primary-visual__left-fpn	rtpj-minus-vlpfc	27	0.03996230619	0.142230517	0.02737227576	1.45995556	0.1573284267	100000
smith09_denoised	partial	primary-visual__left-fpn	rtpj-minus-sham	27	0.004388172656	0.127116603	0.02446360165	0.1793755768	0.8572914271	100000
smith09_denoised	partial	primary-visual__left-fpn	vlpfc-minus-sham	27	-0.03557413352	0.1342473304	0.02583591078	-1.376925854	0.1793882061	100000
smith09_denoised	partial	primary-visual__left-fpn	both-minus-mean-rtpj-vlpfc	27	0.005990810958	0.1680684708	0.03234479229	0.185217172	0.8552214478	100000
smith09_denoised	partial	primary-visual__occipital-pole	both-minus-sham	27	-0.03839522286	0.1871048752	0.03600835003	-1.066286648	0.2986270137	100000
smith09_denoised	partial	primary-visual__occipital-pole	both-minus-rtpj	27	-0.02774582363	0.1574222917	0.03029593417	-0.9158266412	0.3701262987	100000
smith09_denoised	partial	primary-visual__occipital-pole	both-minus-vlpfc	27	-0.01675324344	0.1871323236	0.03601363247	-0.4651917147	0.6469235308	100000
smith09_denoised	partial	primary-visual__occipital-pole	rtpj-minus-vlpfc	27	0.01099258019	0.1323382793	0.02546851372	0.4316145148	0.668503315	100000
smith09_denoised	partial	primary-visual__occipital-pole	rtpj-minus-sham	27	-0.01064939922	0.1570328123	0.03022097882	-0.3523843249	0.7296927031	100000
smith09_denoised	partial	primary-visual__occipital-pole	vlpfc-minus-sham	27	-0.02164197942	0.1799891536	0.03463892876	-0.6247877804	0.5357746423	100000
smith09_denoised	partial	primary-visual__occipital-pole	both-minus-mean-rtpj-vlpfc	27	-0.02224953352	0.159755398	0.03074494068	-0.7236811336	0.4795652043	100000
smith09_denoised	partial	primary-visual__right-fpn	both-minus-sham	27	-0.02887554659	0.1261900453	0.02428528553	-1.189014086	0.2467275327	100000
smith09_denoised	partial	primary-visual__right-fpn	both-minus-rtpj	27	-0.01079740683	0.1540582886	0.02964853146	-0.3641801566	0.713602864	100000
smith09_denoised	partial	primary-visual__right-fpn	both-minus-vlpfc	27	-0.01749157236	0.1459028367	0.02807901402	-0.6229411169	0.5401845982	100000
smith09_denoised	partial	primary-visual__right-fpn	rtpj-minus-vlpfc	27	-0.006694165531	0.1595461993	0.03070468037	-0.2180177566	0.826201738	100000
smith09_denoised	partial	primary-visual__right-fpn	rtpj-minus-sham	27	-0.01807813976	0.1783176344	0.03431724474	-0.5267946158	0.604403956	100000
smith09_denoised	partial	primary-visual__right-fpn	vlpfc-minus-sham	27	-0.01138397423	0.1461003596	0.02811702732	-0.4048783001	0.6893231068	100000
smith09_denoised	partial	primary-visual__right-fpn	both-minus-mean-rtpj-vlpfc	27	-0.0141444896	0.1270710415	0.02445483334	-0.5783923938	0.5685243148	100000
smith09_denoised	partial	primary-visual__sensorimotor	both-minus-sham	27	-0.007569567132	0.2033437565	0.03913352418	-0.1934292219	0.8504214958	100000
smith09_denoised	partial	primary-visual__sensorimotor	both-minus-rtpj	27	-0.03752855138	0.1663142283	0.03200718816	-1.172503851	0.2586074139	100000
smith09_denoised	partial	primary-visual__sensorimotor	both-minus-vlpfc	27	-0.08820445261	0.1676468404	0.03226364947	-2.733864707	0.009309906901	100000
smith09_denoised	partial	primary-visual__sensorimotor	rtpj-minus-vlpfc	27	-0.05067590123	0.1504868668	0.02896121101	-1.749785297	0.09289907101	100000
smith09_denoised	partial	primary-visual__sensorimotor	rtpj-minus-sham	27	0.02995898426	0.1658788974	0.03192340869	0.9384644526	0.3553664463	100000
smith09_denoised	partial	primary-visual__sensorimotor	vlpfc-minus-sham	27	0.08063488548	0.1703924679	0.03279204573	2.458976977	0.0212197878	100000
smith09_denoised	partial	primary-visual__sensorimotor	both-minus-mean-rtpj-vlpfc	27	-0.062866502	0.1490683351	0.02868821447	-2.19137033	0.0320396796	100000
smith09_denoised	partial	right-fpn__left-fpn	both-minus-sham	27	-0.01100303744	0.2284191746	0.04395929065	-0.250300614	0.804401956	100000
smith09_denoised	partial	right-fpn__left-fpn	both-minus-rtpj	27	-0.0003555889819	0.2242159073	0.04315037149	-0.008240693408	0.9934800652	100000
smith09_denoised	partial	right-fpn__left-fpn	both-minus-vlpfc	27	-0.01073004397	0.1969831782	0.03790943031	-0.2830441893	0.7765922341	100000
smith09_denoised	partial	right-fpn__left-fpn	rtpj-minus-vlpfc	27	-0.01037445499	0.2019293395	0.0388613195	-0.2669609557	0.7890621094	100000
smith09_denoised	partial	right-fpn__left-fpn	rtpj-minus-sham	27	-0.01064744846	0.1616990603	0.03111899867	-0.3421526694	0.73700263	100000
smith09_denoised	partial	right-fpn__left-fpn	vlpfc-minus-sham	27	-0.0002729934711	0.171357683	0.03297780147	-0.00827809796	0.9933700663	100000
smith09_denoised	partial	right-fpn__left-fpn	both-minus-mean-rtpj-vlpfc	27	-0.005542816476	0.1853205554	0.03566495752	-0.1554135168	0.8760412396	100000
smith09_denoised	partial	sensorimotor__auditory	both-minus-sham	27	0.001154795358	0.2021456162	0.03890294197	0.02968401102	0.978100219	100000
smith09_denoised	partial	sensorimotor__auditory	both-minus-rtpj	27	0.02186599379	0.1767853744	0.03402236116	0.6426947761	0.5334346657	100000
smith09_denoised	partial	sensorimotor__auditory	both-minus-vlpfc	27	-0.02305281094	0.1597661588	0.03074701159	-0.749757773	0.5033549665	100000
smith09_denoised	partial	sensorimotor__auditory	rtpj-minus-vlpfc	27	-0.04491880473	0.1407807898	0.02709327563	-1.657931855	0.1092489075	100000
smith09_denoised	partial	sensorimotor__auditory	rtpj-minus-sham	27	-0.02071119842	0.1668767374	0.03211544308	-0.6448984176	0.5233547665	100000
smith09_denoised	partial	sensorimotor__auditory	vlpfc-minus-sham	27	0.0242076063	0.1634891774	0.03146350686	0.7693867823	0.4471155288	100000
smith09_denoised	partial	sensorimotor__auditory	both-minus-mean-rtpj-vlpfc	27	-0.0005934085778	0.1530827859	0.02946079589	-0.0201423132	0.986100139	100000
smith09_denoised	partial	sensorimotor__ecn	both-minus-sham	27	-0.03716503362	0.1730935847	0.0333118759	-1.115669191	0.280797192	100000
smith09_denoised	partial	sensorimotor__ecn	both-minus-rtpj	27	-0.03362810474	0.1251793681	0.02409078063	-1.395891036	0.1739482605	100000
smith09_denoised	partial	sensorimotor__ecn	both-minus-vlpfc	27	-0.01499949519	0.1812731548	0.03488603491	-0.429957008	0.6760632394	100000
smith09_denoised	partial	sensorimotor__ecn	rtpj-minus-vlpfc	27	0.01862860955	0.211973516	0.04079432217	0.4566471155	0.6498235018	100000
smith09_denoised	partial	sensorimotor__ecn	rtpj-minus-sham	27	-0.003536928882	0.1956978396	0.03766206678	-0.09391223542	0.9258207418	100000
smith09_denoised	partial	sensorimotor__ecn	vlpfc-minus-sham	27	-0.02216553842	0.124820673	0.02402174972	-0.9227278893	0.365696343	100000
smith09_denoised	partial	sensorimotor__ecn	both-minus-mean-rtpj-vlpfc	27	-0.02431379997	0.1141565704	0.02196944221	-1.106709935	0.2853071469	100000
smith09_denoised	partial	sensorimotor__left-fpn	both-minus-sham	27	0.0484129111	0.1447813373	0.02786318136	1.737522736	0.09306906931	100000
smith09_denoised	partial	sensorimotor__left-fpn	both-minus-rtpj	27	-0.003012750095	0.1570026504	0.03021517416	-0.09970983715	0.9219307807	100000
smith09_denoised	partial	sensorimotor__left-fpn	both-minus-vlpfc	27	-0.004755896555	0.1447121698	0.02784987006	-0.1707690752	0.8666913331	100000
smith09_denoised	partial	sensorimotor__left-fpn	rtpj-minus-vlpfc	27	-0.001743146467	0.1550047568	0.02983067935	-0.05843468889	0.9532304677	100000
smith09_denoised	partial	sensorimotor__left-fpn	rtpj-minus-sham	27	0.0514256612	0.1828657758	0.03519253496	1.461266182	0.1564184358	100000
smith09_denoised	partial	sensorimotor__left-fpn	vlpfc-minus-sham	27	0.05316880766	0.1440066417	0.02771409112	1.918475602	0.06416935831	100000
smith09_denoised	partial	sensorimotor__left-fpn	both-minus-mean-rtpj-vlpfc	27	-0.003884323322	0.129572773	0.02493629179	-0.1557698857	0.8781212188	100000
smith09_denoised	partial	sensorimotor__right-fpn	both-minus-sham	27	0.03428261392	0.1820331266	0.03503229154	0.9786003828	0.3355266447	100000
smith09_denoised	partial	sensorimotor__right-fpn	both-minus-rtpj	27	0.03408625384	0.1637997068	0.03152326827	1.081304564	0.2893771062	100000
smith09_denoised	partial	sensorimotor__right-fpn	both-minus-vlpfc	27	0.03005175995	0.1636803556	0.03150029911	0.9540150664	0.3471665283	100000
smith09_denoised	partial	sensorimotor__right-fpn	rtpj-minus-vlpfc	27	-0.004034493881	0.1802274121	0.03468478162	-0.1163188491	0.9095209048	100000
smith09_denoised	partial	sensorimotor__right-fpn	rtpj-minus-sham	27	0.0001963600707	0.1618167317	0.03114164453	0.0063053854	0.9947500525	100000
smith09_denoised	partial	sensorimotor__right-fpn	vlpfc-minus-sham	27	0.004230853961	0.1564319152	0.03010533611	0.1405350183	0.8907110929	100000
smith09_denoised	partial	sensorimotor__right-fpn	both-minus-mean-rtpj-vlpfc	27	0.0320690069	0.1367125501	0.02631034254	1.218874549	0.2321476785	100000
